macModule,rssi,Time,Position (m)
A8032A31204E,-59,12:56:01.894000,30
C45BBE37B346,-73,12:56:03.155000,30
C45BBE37B346,-78,12:56:06.963000,30
A8032A31204E,-70,12:56:13.315000,30
A8032A31204E,-60,12:56:23.005000,30
C45BBE37B346,-77,12:56:24.255000,30
A8032A31204E,-52,12:56:30.597000,30
A8032A31204E,-52,12:56:42.143000,30
A8032A31204E,-53,12:56:49.802000,30
A8032A31204E,-45,12:57:03.217000,30
A8032A31204E,-60,12:57:12.783000,30
C45BBE39F9AE,-78,12:57:13.437000,30
A8032A31204E,-57,12:57:22.390000,30
C45BBE39F9AE,-78,12:57:23.251000,30
A8032A31204E,-56,12:57:31.927000,30
A8032A311FAA,-76,12:57:32.363000,30
C45BBE39F9AE,-78,12:57:33.021000,30
A8032A311FAA,-77,12:57:36.320000,30
C45BBE39F9AE,-77,12:57:40.782000,30
A8032A31204E,-58,12:57:43.454000,30
A8032A31204E,-51,12:57:53.023000,30
A8032A31204E,-64,12:58:00.676000,31
C45BBE39F56A,-78,12:58:01.691000,31
C45BBE37B346,-78,12:58:02.337000,31
C45BBE39F56A,-80,12:58:05.572000,31
C45BBE37B346,-77,12:58:08.170000,31
A8032A31204E,-61,12:58:12.229000,31
C45BBE37B346,-71,12:58:21.623000,31
A8032A31204E,-70,12:58:21.732000,31
C45BBE37B346,-76,12:58:27.417000,31
A8032A31204E,-61,12:58:31.305000,31
A8032A31204E,-73,12:58:42.796000,31
A8032A31204E,-58,12:58:52.331000,31
C45BBE39F56A,-79,12:59:01.866000,31
A8032A31204E,-67,12:59:01.877000,31
C45BBE37B346,-75,12:59:01.899000,31
C45BBE37B346,-80,12:59:03.852000,31
A8032A31204E,-46,12:59:13.345000,31
C45BBE39F9AE,-78,12:59:14.669000,31
A8032A31204E,-48,12:59:22.861000,31
C45BBE39F9AE,-80,12:59:32.133000,31
A8032A31204E,-74,12:59:32.442000,31
A8032A311FAA,-80,12:59:33.451000,31
C45BBE39F9AE,-76,12:59:41.857000,31
A8032A31204E,-47,12:59:42.042000,31
A8032A311FAA,-79,12:59:43.295000,31
A8032A311FAA,-79,12:59:45.268000,31
C45BBE39F9AE,-80,12:59:45.858000,31
A8032A31204E,-76,12:59:51.597000,31
C45BBE37B346,-80,12:59:51.842000,31
A8032A31204E,-79,13:00:01.175000,32
C45BBE37B346,-74,13:00:03.311000,32
A8032A31204E,-69,13:00:10.751000,32
C45BBE37B346,-74,13:00:10.989000,32
C45BBE37B346,-77,13:00:16.755000,32
C45BBE386952,-80,13:00:19.845000,32
A8032A31204E,-65,13:00:22.247000,32
C45BBE386952,-80,13:00:27.568000,32
A8032A31204E,-66,13:00:29.982000,32
C45BBE37B346,-74,13:00:41.756000,32
A8032A31204E,-60,13:00:43.375000,32
C45BBE39F56A,-79,13:00:49.316000,32
A8032A31204E,-76,13:00:53.142000,32
C45BBE37B346,-73,13:00:53.266000,32
A8032A31204E,-75,13:01:02.681000,32
C45BBE37B346,-79,13:01:02.918000,32
C45BBE39F56A,-79,13:01:02.948000,32
A8032A311FAA,-79,13:01:07.162000,32
C45BBE39F9AE,-73,13:01:11.787000,32
A8032A31204E,-47,13:01:12.316000,32
A8032A31204E,-78,13:01:22.020000,32
C45BBE39F56A,-80,13:01:29.005000,32
C45BBE37B346,-73,13:01:30.175000,32
A8032A31204E,-72,13:01:31.657000,32
C45BBE37B346,-79,13:01:39.940000,32
A8032A31204E,-77,13:01:43.166000,32
A8032A31204E,-59,13:01:52.793000,32
A8032A31204E,-57,13:02:02.449000,33
A8032A31204E,-59,13:02:12.301000,33
A8032A31204E,-59,13:02:21.948000,33
C45BBE39F9AE,-77,13:02:24.151000,33
A8032A31204E,-64,13:02:33.423000,33
C45BBE39F9AE,-76,13:02:40.022000,33
A8032A311FAA,-79,13:02:41.941000,33
A8032A31204E,-65,13:02:43.042000,33
A8032A31204E,-63,13:02:48.846000,33
C45BBE39F9AE,-80,13:02:51.771000,33
C45BBE39F9AE,-75,13:02:57.641000,33
A8032A311FAA,-78,13:03:01.431000,33
A8032A31204E,-66,13:03:02.423000,33
C45BBE37B346,-80,13:03:06.763000,33
C45BBE39F56A,-79,13:03:07.829000,33
A8032A31204E,-63,13:03:11.955000,33
A8032A31204E,-76,13:03:23.484000,33
A8032A31204E,-69,13:03:31.152000,33
A8032A31204E,-71,13:03:36.881000,33
A8032A31204E,-68,13:03:52.236000,33
A8032A31204E,-70,13:04:01.730000,34
A8032A31204E,-78,13:04:13.237000,34
A8032A31204E,-70,13:04:22.777000,34
A8032A31204E,-73,13:04:32.361000,34
A8032A31204E,-67,13:04:42.086000,34
A8032A31204E,-63,13:04:51.746000,34
A8032A31204E,-65,13:05:03.353000,34
A8032A311FAA,-80,13:05:06.790000,34
C45BBE39F56A,-80,13:05:12.625000,34
A8032A31204E,-73,13:05:12.994000,34
C45BBE39F56A,-79,13:05:15.786000,34
C45BBE37B346,-75,13:05:21.623000,34
A8032A31204E,-73,13:05:22.525000,34
A8032A31204E,-76,13:05:32.053000,34
C45BBE37B346,-73,13:05:33.150000,34
A8032A31204E,-74,13:05:41.600000,34
C45BBE37B346,-71,13:05:42.686000,34
C45BBE39F56A,-79,13:05:43.311000,34
C45BBE39F56A,-79,13:05:49.159000,34
C45BBE37B346,-73,13:05:52.387000,34
A8032A31204E,-73,13:05:53.066000,34
C45BBE37B346,-74,13:06:02.003000,35
A8032A31204E,-76,13:06:02.644000,35
A8032A31204E,-75,13:06:10.364000,35
C45BBE37B346,-72,13:06:11.623000,35
C45BBE37B346,-72,13:06:15.465000,35
C45BBE386952,-80,13:06:18.749000,35
A8032A31204E,-70,13:06:21.887000,35
A8032A31204E,-66,13:06:33.333000,35
A8032A31204E,-77,13:06:42.911000,35
C45BBE37B346,-69,13:06:51.950000,35
A8032A31204E,-79,13:06:52.655000,35
C45BBE39F56A,-78,13:06:53.333000,35
C45BBE39F56A,-77,13:06:57.233000,35
A8032A31204E,-79,13:07:02.359000,35
C45BBE37B346,-71,13:07:03.451000,35
C45BBE39F56A,-78,13:07:08.886000,35
A8032A31204E,-77,13:07:11.892000,35
C45BBE37B346,-71,13:07:13.060000,35
C45BBE39F56A,-78,13:07:22.500000,35
C45BBE37B346,-70,13:07:22.816000,35
A8032A31204E,-79,13:07:23.379000,35
C45BBE37B346,-73,13:07:24.673000,35
A8032A31204E,-73,13:07:31.037000,35
A8032A31204E,-80,13:07:42.509000,35
A8032A31204E,-74,13:07:50.191000,35
A8032A31204E,-68,13:08:01.632000,36
A8032A31204E,-77,13:08:13.065000,36
A8032A31204E,-77,13:08:18.828000,36
C45BBE37B346,-75,13:08:26.098000,36
A8032A31204E,-80,13:08:30.380000,36
A8032A31204E,-77,13:08:41.922000,36
A8032A31204E,-64,13:08:51.468000,36
A8032A31204E,-78,13:09:02.897000,36
A8032A31204E,-78,13:09:08.720000,36
C45BBE37B346,-72,13:09:12.254000,36
C45BBE39F56A,-78,13:09:15.560000,36
C45BBE37B346,-73,13:09:16.124000,36
A8032A31204E,-66,13:09:22.258000,36
A8032A31204E,-76,13:09:31.760000,36
C45BBE37B346,-75,13:09:33.666000,36
A8032A31204E,-66,13:09:43.231000,36
A8032A31204E,-72,13:09:53.001000,36
A8032A31204E,-73,13:10:02.390000,37
C45BBE386952,-79,13:10:04.956000,37
A8032A31204E,-70,13:10:08.175000,37
C45BBE37B346,-69,13:10:20.853000,37
A8032A31204E,-73,13:10:23.471000,37
C45BBE39F56A,-80,13:10:31.857000,37
C45BBE37B346,-71,13:10:32.343000,37
A8032A31204E,-77,13:10:33.009000,37
A8032A31204E,-69,13:10:40.682000,37
C45BBE37B346,-80,13:10:43.863000,37
A8032A31204E,-76,13:10:46.422000,37
C45BBE37B346,-67,13:10:55.309000,37
A8032A31204E,-71,13:11:00.093000,37
A8032A31204E,-77,13:11:13.353000,37
C45BBE37B346,-75,13:11:14.559000,37
A8032A31204E,-80,13:11:22.995000,37
A8032A31204E,-68,13:11:32.547000,37
C45BBE386952,-78,13:11:38.272000,37
A8032A31204E,-77,13:11:51.594000,37
C45BBE37B346,-76,13:11:52.831000,37
A8032A31204E,-79,13:11:53.567000,37
C45BBE386952,-80,13:12:05.314000,38
C45BBE39F56A,-80,13:12:06.048000,38
C45BBE37B346,-80,13:12:06.207000,38
A8032A31204E,-75,13:12:09.823000,38
A8032A31204E,-73,13:12:17.655000,38
C45BBE37B346,-74,13:12:29.083000,38
A8032A31204E,-75,13:12:31.101000,38
C45BBE37B346,-78,13:12:40.593000,38
A8032A31204E,-79,13:12:40.729000,38
A8032A31204E,-78,13:12:52.169000,38
A8032A31204E,-79,13:12:57.910000,38
C45BBE386952,-79,13:12:59.563000,38
C45BBE37B346,-72,13:12:59.706000,38
C45BBE39F56A,-80,13:13:00.661000,38
A8032A31204E,-71,13:13:13.228000,38
A8032A31204E,-75,13:13:20.982000,38
A8032A31204E,-73,13:13:30.461000,38
A8032A31204E,-80,13:13:38.101000,38
C45BBE386952,-75,13:13:47.703000,38
A8032A31204E,-68,13:13:53.527000,38
C45BBE39F56A,-75,13:14:01.048000,39
C45BBE386952,-79,13:14:01.242000,39
C45BBE37B346,-71,13:14:02.756000,39
A8032A31204E,-80,13:14:03.172000,39
C45BBE386952,-80,13:14:05.119000,39
C45BBE37B346,-79,13:14:10.397000,39
A8032A31204E,-75,13:14:13.051000,39
A8032A31204E,-79,13:14:20.862000,39
A8032A31204E,-70,13:14:32.347000,39
A8032A31204E,-77,13:14:40.082000,39
C45BBE37B346,-70,13:14:43.365000,39
C45BBE37B346,-71,13:14:45.278000,39
C45BBE386952,-75,13:14:45.826000,39
A8032A31204E,-70,13:14:53.529000,39
A8032A31204E,-78,13:15:03.350000,39
A8032A31204E,-76,13:15:13.173000,39
A8032A31204E,-73,13:15:20.998000,39
C45BBE37B346,-74,13:15:24.129000,39
A8032A31204E,-78,13:15:32.481000,39
C45BBE386952,-79,13:15:32.519000,39
A8032A31204E,-74,13:15:42.089000,39
C45BBE386952,-77,13:15:42.156000,39
C45BBE37B346,-79,13:15:43.334000,39
C45BBE37B346,-75,13:15:49.073000,39
A8032A31204E,-75,13:15:51.718000,39
C45BBE37B346,-79,13:16:00.516000,40
C45BBE386952,-79,13:16:01.450000,40
A8032A31204E,-80,13:16:03.229000,40
C45BBE39F56A,-78,13:16:07.180000,40
A8032A31204E,-66,13:16:10.822000,40
C45BBE37B346,-77,13:16:12.010000,40
C45BBE386952,-75,13:16:20.668000,40
C45BBE39F56A,-80,13:16:20.847000,40
A8032A31204E,-75,13:16:22.284000,40
C45BBE37B346,-73,13:16:23.463000,40
C45BBE386952,-79,13:16:30.304000,40
C45BBE37B346,-79,13:16:31.150000,40
A8032A31204E,-77,13:16:31.877000,40
A8032A31204E,-76,13:16:41.446000,40
C45BBE386952,-78,13:16:41.841000,40
C45BBE39F56A,-78,13:16:42.233000,40
C45BBE37B346,-80,13:16:42.695000,40
C45BBE39F56A,-79,13:16:44.183000,40
C45BBE37B346,-79,13:16:44.606000,40
C45BBE386952,-80,13:16:47.592000,40
A8032A31204E,-78,13:16:52.974000,40
C45BBE39F56A,-80,13:16:53.874000,40
C45BBE386952,-75,13:16:59.211000,40
A8032A31204E,-76,13:17:00.628000,40
C45BBE37B346,-80,13:17:01.817000,40
C45BBE37B346,-77,13:17:03.716000,40
A8032A31204E,-79,13:17:12.121000,40
C45BBE386952,-79,13:17:18.577000,40
A8032A31204E,-79,13:17:19.795000,40
C45BBE37B346,-78,13:17:28.614000,40
C45BBE39F56A,-76,13:17:30.860000,40
C45BBE386952,-79,13:17:32.094000,40
A8032A31204E,-78,13:17:33.258000,40
C45BBE37B346,-78,13:17:38.203000,40
C45BBE39F56A,-78,13:17:38.700000,40
A8032A31204E,-76,13:17:42.877000,40
C45BBE386952,-78,13:17:45.719000,40
C45BBE37B346,-80,13:17:49.673000,40
A8032A31204E,-77,13:17:52.506000,40
C45BBE37B346,-79,13:17:59.187000,40
A8032A31204E,-78,13:18:00.211000,41
C45BBE37B346,-78,13:18:08.735000,41
C45BBE39F56A,-75,13:18:09.897000,41
C45BBE386952,-74,13:18:10.824000,41
A8032A31204E,-80,13:18:11.738000,41
A8032A31204E,-77,13:18:23.359000,41
A8032A31204E,-80,13:18:29.060000,41
A8032A31204E,-76,13:18:42.662000,41
C45BBE386952,-79,13:18:47.689000,41
A8032A31204E,-79,13:18:52.256000,41
A8032A31204E,-73,13:18:54.085000,41
C45BBE37B346,-75,13:18:56.771000,41
C45BBE39F56A,-79,13:18:57.133000,41
C45BBE37B346,-75,13:19:08.193000,41
C45BBE386952,-77,13:19:09.003000,41
A8032A31204E,-71,13:19:11.404000,41
A8032A31204E,-80,13:19:22.994000,41
C45BBE39F56A,-77,13:19:24.478000,41
C45BBE386952,-78,13:19:24.524000,41
A8032A31204E,-78,13:19:28.744000,41
A8032A31204E,-79,13:19:42.232000,41
C45BBE39F56A,-78,13:19:49.836000,41
A8032A31204E,-76,13:19:49.892000,41
C45BBE37B346,-74,13:19:50.221000,41
C45BBE386952,-80,13:19:53.406000,41
C45BBE37B346,-74,13:19:54.019000,41
A8032A31204E,-80,13:20:01.375000,42
C45BBE386952,-79,13:20:03.048000,42
C45BBE386952,-78,13:20:04.942000,42
A8032A31204E,-80,13:20:09.179000,42
C45BBE39F56A,-76,13:20:09.282000,42
C45BBE37B346,-75,13:20:11.209000,42
A8032A31204E,-73,13:20:22.553000,42
A8032A31204E,-78,13:20:30.228000,42
A8032A31204E,-71,13:20:34.086000,42
C45BBE37B346,-76,13:20:38.037000,42
C45BBE386952,-80,13:20:38.948000,42
C45BBE39F56A,-77,13:20:44.326000,42
C45BBE37B346,-79,13:20:49.479000,42
C45BBE386952,-77,13:20:50.640000,42
A8032A31204E,-68,13:20:53.274000,42
A8032A31204E,-78,13:21:02.820000,42
A8032A31204E,-78,13:21:12.429000,42
A8032A31204E,-80,13:21:22.100000,42
C45BBE39F56A,-79,13:21:25.255000,42
C45BBE386952,-75,13:21:25.554000,42
C45BBE37B346,-80,13:21:25.899000,42
A8032A31204E,-80,13:21:31.776000,42
A8032A31204E,-73,13:21:33.745000,42
C45BBE37B346,-80,13:21:35.390000,42
C45BBE386952,-78,13:21:39.107000,42
A8032A31204E,-78,13:21:47.376000,42
C45BBE39F56A,-79,13:21:50.968000,42
C45BBE386952,-78,13:21:52.576000,42
C45BBE37B346,-73,13:21:52.576000,42
C45BBE39F56A,-74,13:22:00.891000,43
C45BBE386952,-79,13:22:02.118000,43
A8032A31204E,-80,13:22:02.599000,43
C45BBE37B346,-80,13:22:09.653000,43
A8032A31204E,-80,13:22:12.197000,43
C45BBE39F56A,-78,13:22:18.425000,43
C45BBE39F56A,-80,13:22:26.203000,43
C45BBE386952,-79,13:22:27.089000,43
C45BBE37B346,-79,13:22:30.609000,43
A8032A31204E,-73,13:22:35.323000,43
C45BBE37B346,-70,13:22:40.196000,43
C45BBE39F56A,-80,13:22:42.168000,43
C45BBE386952,-75,13:22:42.559000,43
C45BBE37B346,-72,13:22:44.020000,43
C45BBE39F56A,-79,13:22:44.181000,43
C45BBE386952,-76,13:22:52.215000,43
A8032A31204E,-79,13:23:02.430000,43
A8032A31204E,-78,13:23:08.190000,43
A8032A31204E,-77,13:23:13.947000,43
C45BBE37B346,-73,13:23:20.347000,43
C45BBE386952,-75,13:23:21.150000,43
C45BBE37B346,-80,13:23:24.144000,43
C45BBE386952,-76,13:23:30.882000,43
C45BBE39F56A,-80,13:23:33.132000,43
A8032A31204E,-80,13:23:33.316000,43
C45BBE386952,-78,13:23:34.747000,43
C45BBE37B346,-80,13:23:35.604000,43
C45BBE39F56A,-80,13:23:38.999000,43
A8032A31204E,-80,13:23:39.078000,43
C45BBE37B346,-79,13:23:45.139000,43
C45BBE386952,-79,13:23:50.208000,43
C45BBE39F56A,-79,13:23:50.670000,43
C45BBE386952,-78,13:23:59.918000,43
A8032A31204E,-76,13:24:02.041000,44
C45BBE37B346,-77,13:24:11.869000,44
C45BBE386952,-77,13:24:13.378000,44
C45BBE37B346,-76,13:24:21.375000,44
C45BBE386952,-73,13:24:23.030000,44
C45BBE39F56A,-77,13:24:23.885000,44
C45BBE37B346,-78,13:24:31.051000,44
A8032A31204E,-80,13:24:37.222000,44
C45BBE37B346,-75,13:24:42.598000,44
C45BBE386952,-73,13:24:42.817000,44
C45BBE39F56A,-79,13:24:43.354000,44
A8032A31204E,-80,13:24:48.660000,44
C45BBE37B346,-77,13:24:52.198000,44
C45BBE386952,-78,13:24:52.488000,44
C45BBE37B346,-76,13:24:56.128000,44
C45BBE37B346,-76,13:25:07.678000,44
C45BBE386952,-78,13:25:08.120000,44
A8032A31204E,-79,13:25:11.613000,44
C45BBE39F56A,-79,13:25:18.565000,44
A8032A31204E,-78,13:25:21.325000,44
C45BBE386952,-80,13:25:21.924000,44
C45BBE37B346,-79,13:25:23.057000,44
A8032A31204E,-79,13:25:28.983000,44
C45BBE39F56A,-74,13:25:30.232000,44
C45BBE37B346,-75,13:25:30.696000,44
C45BBE386952,-77,13:25:31.565000,44
C45BBE37B346,-76,13:25:49.842000,44
A8032A31204E,-80,13:25:51.972000,44
C45BBE386952,-76,13:25:56.691000,44
C45BBE37B346,-76,13:26:03.241000,45
A8032A31204E,-80,13:26:09.181000,45
C45BBE37B346,-77,13:26:10.927000,45
C45BBE386952,-76,13:26:12.246000,45
C45BBE386952,-74,13:26:20.076000,45
C45BBE37B346,-77,13:26:20.550000,45
A8032A31204E,-77,13:26:22.618000,45
C45BBE386952,-80,13:26:31.742000,45
C45BBE37B346,-71,13:26:32.016000,45
C45BBE39F56A,-75,13:26:32.388000,45
C45BBE37B346,-73,13:26:41.610000,45
C45BBE39F56A,-80,13:26:42.146000,45
C45BBE37B346,-76,13:26:47.411000,45
A8032A31204E,-79,13:26:49.409000,45
C45BBE386952,-78,13:26:51.082000,45
C45BBE39F56A,-80,13:26:51.917000,45
C45BBE39F56A,-75,13:26:57.705000,45
C45BBE386952,-78,13:26:58.859000,45
C45BBE39F56A,-80,13:27:09.273000,45
C45BBE37B346,-69,13:27:10.373000,45
C45BBE386952,-75,13:27:10.549000,45
A8032A31204E,-78,13:27:12.507000,45
C45BBE37B346,-79,13:27:19.945000,45
C45BBE386952,-77,13:27:26.090000,45
C45BBE39F56A,-78,13:27:26.903000,45
C45BBE37B346,-79,13:27:31.484000,45
C45BBE39F56A,-79,13:27:38.627000,45
A8032A31204E,-75,13:27:39.344000,45
C45BBE386952,-79,13:27:39.614000,45
C45BBE37B346,-78,13:27:41.083000,45
C45BBE386952,-70,13:27:49.343000,45
C45BBE39F56A,-77,13:27:50.368000,45
C45BBE37B346,-72,13:27:50.617000,45
A8032A31204E,-78,13:27:52.759000,45
C45BBE39F56A,-75,13:27:56.137000,45
C45BBE386952,-79,13:27:57.109000,45
C45BBE37B346,-74,13:28:00.197000,46
C45BBE386952,-79,13:28:05.052000,46
A8032A31204E,-77,13:28:06.387000,46
C45BBE37B346,-74,13:28:11.716000,46
C45BBE39F56A,-79,13:28:14.068000,46
A8032A31204E,-76,13:28:16.059000,46
C45BBE37B346,-80,13:28:23.183000,46
A8032A31204E,-74,13:28:27.444000,46
C45BBE39F56A,-78,13:28:28.206000,46
C45BBE386952,-78,13:28:30.345000,46
C45BBE37B346,-77,13:28:31.042000,46
C45BBE37B346,-70,13:28:40.546000,46
C45BBE386952,-80,13:28:42.136000,46
C45BBE39F56A,-79,13:28:42.256000,46
C45BBE39F56A,-76,13:28:44.090000,46
C45BBE386952,-73,13:28:46.056000,46
C45BBE37B346,-76,13:28:46.274000,46
A8032A31204E,-76,13:28:50.945000,46
C45BBE386952,-80,13:28:59.530000,46
C45BBE39F56A,-80,13:29:02.178000,46
A8032A31204E,-77,13:29:02.441000,46
C45BBE37B346,-78,13:29:03.548000,46
A8032A31204E,-78,13:29:04.273000,46
C45BBE39F56A,-76,13:29:10.467000,46
C45BBE386952,-80,13:29:11.333000,46
C45BBE37B346,-79,13:29:13.303000,46
C45BBE37B346,-72,13:29:21.434000,46
C45BBE39F56A,-77,13:29:22.312000,46
C45BBE386952,-76,13:29:22.842000,46
C45BBE386952,-77,13:29:28.658000,46
A8032A31204E,-79,13:29:29.739000,46
C45BBE37B346,-73,13:29:32.771000,46
C45BBE39F56A,-76,13:29:33.917000,46
A8032A31204E,-79,13:29:35.573000,46
C45BBE37B346,-76,13:29:40.443000,46
C45BBE37B346,-75,13:29:51.909000,46
A8032A31204E,-79,13:29:52.862000,46
C45BBE386952,-76,13:29:53.631000,46
C45BBE39F56A,-73,13:29:59.354000,46
C45BBE37B346,-80,13:30:01.439000,47
C45BBE39F56A,-73,13:30:11.019000,47
C45BBE386952,-80,13:30:11.154000,47
C45BBE37B346,-73,13:30:20.696000,47
C45BBE386952,-76,13:30:20.844000,47
A8032A31204E,-78,13:30:21.854000,47
C45BBE39F56A,-72,13:30:22.649000,47
C45BBE39F56A,-68,13:30:24.617000,47
C45BBE386952,-78,13:30:24.698000,47
A8032A31204E,-79,13:30:29.562000,47
C45BBE37B346,-80,13:30:32.163000,47
C45BBE37B346,-78,13:30:41.735000,47
C45BBE386952,-80,13:30:42.065000,47
C45BBE39F56A,-78,13:30:42.087000,47
C45BBE386952,-71,13:30:49.754000,47
C45BBE39F56A,-78,13:30:49.932000,47
A8032A31204E,-79,13:30:50.634000,47
C45BBE37B346,-80,13:30:53.252000,47
C45BBE37B346,-77,13:31:00.928000,47
C45BBE37B346,-78,13:31:06.670000,47
C45BBE39F56A,-74,13:31:07.718000,47
C45BBE386952,-77,13:31:11.018000,47
C45BBE37B346,-73,13:31:16.203000,47
C45BBE386952,-77,13:31:18.735000,47
C45BBE39F56A,-78,13:31:21.352000,47
A8032A31204E,-79,13:31:23.171000,47
C45BBE386952,-78,13:31:26.511000,47
C45BBE39F56A,-71,13:31:27.165000,47
A8032A31204E,-80,13:31:30.963000,47
C45BBE37B346,-80,13:31:31.682000,47
C45BBE37B346,-78,13:31:37.413000,47
A8032A31204E,-80,13:31:42.464000,47
C45BBE386952,-80,13:31:55.386000,47
C45BBE39F56A,-80,13:31:58.408000,47
C45BBE386952,-69,13:32:08.877000,48
C45BBE37B346,-76,13:32:11.786000,48
C45BBE39F56A,-79,13:32:12.036000,48
C45BBE37B346,-77,13:32:15.596000,48
C45BBE39F56A,-80,13:32:17.973000,48
C45BBE386952,-80,13:32:22.475000,48
C45BBE37B346,-70,13:32:23.570000,48
C45BBE386952,-79,13:32:24.309000,48
A8032A31204E,-79,13:32:37.306000,48
C45BBE386952,-77,13:32:40.395000,48
C45BBE39F56A,-64,13:32:41.299000,48
C45BBE37B346,-75,13:32:43.296000,48
C45BBE37B346,-76,13:32:51.079000,48
C45BBE39F56A,-70,13:32:55.232000,48
C45BBE37B346,-79,13:32:56.762000,48
A8032A31204E,-67,13:33:02.519000,48
C45BBE39F56A,-65,13:33:14.830000,48
C45BBE37B346,-79,13:33:21.742000,48
C45BBE39F56A,-77,13:33:26.587000,48
C45BBE386952,-75,13:33:32.967000,48
C45BBE37B346,-66,13:33:33.204000,48
C45BBE39F56A,-77,13:33:40.198000,48
C45BBE386952,-74,13:33:40.667000,48
C45BBE37B346,-79,13:33:42.736000,48
C45BBE39F56A,-72,13:33:51.910000,48
C45BBE386952,-74,13:33:52.299000,48
C45BBE37B346,-72,13:33:52.332000,48
C45BBE39F56A,-64,13:34:01.603000,49
C45BBE37B346,-76,13:34:01.882000,49
C45BBE386952,-71,13:34:01.882000,49
C45BBE39F56A,-79,13:34:04.294000,49
C45BBE386952,-77,13:34:07.678000,49
C45BBE37B346,-80,13:34:11.417000,49
C45BBE39F56A,-80,13:34:21.639000,49
C45BBE37B346,-80,13:34:22.915000,49
C45BBE386952,-79,13:34:23.162000,49
C45BBE37B346,-70,13:34:32.442000,49
C45BBE386952,-66,13:34:32.895000,49
C45BBE39F56A,-66,13:34:33.442000,49
C45BBE37B346,-80,13:34:40.063000,49
C45BBE386952,-74,13:34:42.583000,49
C45BBE39F56A,-74,13:34:43.071000,49
C45BBE39F56A,-80,13:34:44.982000,49
C45BBE386952,-78,13:34:46.427000,49
C45BBE37B346,-80,13:34:53.467000,49
C45BBE39F56A,-76,13:34:54.791000,49
C45BBE386952,-67,13:34:56.026000,49
C45BBE37B346,-75,13:35:02.989000,49
C45BBE39F56A,-67,13:35:08.295000,49
C45BBE386952,-79,13:35:11.470000,49
C45BBE37B346,-78,13:35:12.664000,49
A8032A31204E,-76,13:35:15.010000,49
C45BBE39F56A,-76,13:35:19.972000,49
C45BBE37B346,-70,13:35:20.297000,49
C45BBE386952,-71,13:35:21.128000,49
C45BBE39F56A,-77,13:35:23.926000,49
C45BBE386952,-80,13:35:28.927000,49
C45BBE37B346,-80,13:35:29.836000,49
C45BBE386952,-72,13:35:40.584000,49
C45BBE37B346,-79,13:35:41.313000,49
C45BBE39F56A,-76,13:35:43.405000,49
C45BBE39F56A,-80,13:35:49.230000,49
C45BBE37B346,-80,13:35:50.942000,49
C45BBE386952,-77,13:35:52.144000,49
A8032A31204E,-79,13:35:53.263000,49
C45BBE386952,-74,13:36:01.883000,50
C45BBE37B346,-72,13:36:02.339000,50
C45BBE39F56A,-76,13:36:02.842000,50
A8032A31204E,-80,13:36:02.876000,50
C45BBE386952,-77,13:36:05.757000,50
C45BBE37B346,-72,13:36:11.898000,50
C45BBE39F56A,-73,13:36:12.572000,50
A8032A31204E,-69,13:36:20.088000,50
C45BBE39F56A,-79,13:36:22.291000,50
C45BBE37B346,-78,13:36:23.349000,50
C45BBE37B346,-75,13:36:27.190000,50
C45BBE39F56A,-80,13:36:32.069000,50
C45BBE39F56A,-79,13:36:41.879000,50
C45BBE386952,-78,13:36:42.431000,50
C45BBE37B346,-74,13:36:42.452000,50
C45BBE37B346,-63,13:36:52.032000,50
C45BBE386952,-67,13:36:52.164000,50
C45BBE39F56A,-69,13:36:53.525000,50
C45BBE386952,-76,13:36:58.137000,50
C45BBE39F56A,-72,13:37:01.331000,50
C45BBE37B346,-75,13:37:03.505000,50
C45BBE386952,-72,13:37:09.781000,50
C45BBE37B346,-77,13:37:13.106000,50
C45BBE39F56A,-77,13:37:13.342000,50
C45BBE386952,-76,13:37:21.359000,50
C45BBE37B346,-61,13:37:22.685000,50
C45BBE39F56A,-62,13:37:23.060000,50
C45BBE386952,-62,13:37:27.376000,50
C45BBE39F56A,-66,13:37:31.229000,50
C45BBE37B346,-78,13:37:32.308000,50
C45BBE37B346,-73,13:37:37.981000,50
C45BBE386952,-79,13:37:42.880000,50
C45BBE39F56A,-69,13:37:43.086000,50
C45BBE386952,-79,13:37:44.787000,50
C45BBE37B346,-77,13:37:47.632000,50
C45BBE39F56A,-76,13:37:52.858000,50
C45BBE37B346,-70,13:38:00.920000,51
C45BBE386952,-78,13:38:02.305000,51
C45BBE39F56A,-77,13:38:02.706000,51
C45BBE386952,-70,13:38:12.099000,51
C45BBE37B346,-58,13:38:12.473000,51
C45BBE39F56A,-71,13:38:12.603000,51
C45BBE386952,-78,13:38:18.032000,51
C45BBE37B346,-60,13:38:20.241000,51
C45BBE39F56A,-74,13:38:22.323000,51
C45BBE386952,-79,13:38:31.447000,51
C45BBE39F56A,-71,13:38:32.111000,51
C45BBE37B346,-73,13:38:33.548000,51
C45BBE39F56A,-70,13:38:41.918000,51
C45BBE386952,-64,13:38:43.039000,51
C45BBE37B346,-60,13:38:43.062000,51
C45BBE39F56A,-71,13:38:51.648000,51
C45BBE37B346,-67,13:38:52.580000,51
C45BBE386952,-71,13:38:52.676000,51
C45BBE386952,-68,13:39:00.397000,51
C45BBE37B346,-62,13:39:02.108000,51
C45BBE39F56A,-79,13:39:03.289000,51
C45BBE386952,-78,13:39:11.984000,51
C45BBE39F56A,-63,13:39:13.144000,51
C45BBE37B346,-55,13:39:13.563000,51
C45BBE39F56A,-77,13:39:20.993000,51
C45BBE37B346,-66,13:39:23.198000,51
C45BBE386952,-63,13:39:23.565000,51
C45BBE39F56A,-63,13:39:32.627000,51
C45BBE37B346,-64,13:39:32.763000,51
C45BBE386952,-65,13:39:33.147000,51
C45BBE37B346,-63,13:39:40.407000,51
C45BBE386952,-77,13:39:40.918000,51
C45BBE39F56A,-66,13:39:42.387000,51
C45BBE37B346,-78,13:39:51.868000,51
C45BBE39F56A,-63,13:39:52.109000,51
C45BBE386952,-80,13:39:52.485000,51
C45BBE386952,-69,13:40:00.236000,52
C45BBE39F56A,-72,13:40:01.855000,52
C45BBE37B346,-75,13:40:03.376000,52
C45BBE39F56A,-76,13:40:11.635000,52
C45BBE386952,-79,13:40:11.819000,52
C45BBE37B346,-60,13:40:12.969000,52
C45BBE386952,-73,13:40:19.505000,52
C45BBE37B346,-60,13:40:22.488000,52
C45BBE39F56A,-72,13:40:23.315000,52
C45BBE37B346,-69,13:40:32.042000,52
C45BBE386952,-76,13:40:32.966000,52
C45BBE39F56A,-75,13:40:33.136000,52
C45BBE386952,-70,13:40:42.567000,52
C45BBE39F56A,-65,13:40:42.853000,52
C45BBE37B346,-62,13:40:43.473000,52
C45BBE386952,-64,13:40:52.239000,52
C45BBE39F56A,-58,13:40:52.540000,52
C45BBE37B346,-59,13:40:53.091000,52
C45BBE386952,-62,13:40:59.963000,52
C45BBE39F56A,-70,13:41:00.445000,52
C45BBE37B346,-61,13:41:02.746000,52
C45BBE386952,-71,13:41:11.566000,52
C45BBE37B346,-74,13:41:12.283000,52
C45BBE39F56A,-69,13:41:12.316000,52
C45BBE39F56A,-66,13:41:21.829000,52
C45BBE37B346,-71,13:41:22.326000,52
C45BBE386952,-71,13:41:23.311000,52
C45BBE386952,-78,13:41:27.331000,52
C45BBE39F56A,-69,13:41:31.736000,52
C45BBE37B346,-66,13:41:31.814000,52
C45BBE386952,-78,13:41:41.295000,52
C45BBE37B346,-60,13:41:43.432000,52
C45BBE39F56A,-65,13:41:43.466000,52
C45BBE386952,-79,13:41:49.007000,52
C45BBE37B346,-58,13:41:53.210000,52
C45BBE39F56A,-76,13:41:53.281000,52
C45BBE386952,-71,13:42:02.435000,53
C45BBE37B346,-65,13:42:02.773000,53
C45BBE39F56A,-61,13:42:03.010000,53
C45BBE386952,-74,13:42:04.365000,53
C45BBE39F56A,-69,13:42:08.827000,53
C45BBE37B346,-69,13:42:10.417000,53
C45BBE386952,-72,13:42:17.915000,53
C45BBE37B346,-58,13:42:22.297000,53
C45BBE39F56A,-74,13:42:22.478000,53
C45BBE39F56A,-76,13:42:30.356000,53
C45BBE37B346,-70,13:42:31.931000,53
C45BBE386952,-72,13:42:33.505000,53
C45BBE39F56A,-79,13:42:42.433000,53
C45BBE386952,-70,13:42:43.093000,53
C45BBE37B346,-75,13:42:43.425000,53
C45BBE39F56A,-71,13:42:52.157000,53
C45BBE37B346,-65,13:42:52.967000,53
C45BBE39F56A,-79,13:42:57.968000,53
C45BBE386952,-72,13:43:02.446000,53
C45BBE37B346,-62,13:43:02.514000,53
C45BBE37B346,-70,13:43:08.317000,53
C45BBE386952,-75,13:43:12.022000,53
C45BBE39F56A,-74,13:43:13.476000,53
C45BBE386952,-76,13:43:21.684000,53
C45BBE37B346,-72,13:43:21.795000,53
C45BBE39F56A,-78,13:43:23.260000,53
C45BBE386952,-68,13:43:31.402000,53
C45BBE39F56A,-74,13:43:33.057000,53
C45BBE37B346,-65,13:43:33.256000,53
C45BBE386952,-80,13:43:37.132000,53
C45BBE39F56A,-71,13:43:42.830000,53
C45BBE37B346,-65,13:43:42.841000,53
C45BBE37B346,-58,13:43:52.441000,53
C45BBE386952,-66,13:43:52.532000,53
C45BBE39F56A,-71,13:43:52.632000,53
C45BBE39F56A,-66,13:44:00.415000,54
C45BBE37B346,-71,13:44:02.017000,54
C45BBE386952,-72,13:44:02.234000,54
C45BBE386952,-78,13:44:11.977000,54
C45BBE39F56A,-73,13:44:12.089000,54
C45BBE37B346,-68,13:44:13.472000,54
C45BBE37B346,-59,13:44:21.112000,54
C45BBE39F56A,-72,13:44:21.821000,54
C45BBE386952,-79,13:44:23.444000,54
C45BBE39F56A,-63,13:44:31.592000,54
C45BBE37B346,-60,13:44:32.641000,54
C45BBE386952,-75,13:44:33.156000,54
C45BBE386952,-76,13:44:40.875000,54
C45BBE37B346,-64,13:44:42.213000,54
C45BBE39F56A,-77,13:44:43.362000,54
C45BBE37B346,-76,13:44:51.777000,54
C45BBE386952,-76,13:44:52.416000,54
C45BBE39F56A,-72,13:44:53.068000,54
C45BBE39F56A,-69,13:44:55.014000,54
C45BBE386952,-74,13:44:58.226000,54
C45BBE37B346,-71,13:45:01.403000,54
C45BBE386952,-75,13:45:11.891000,54
C45BBE39F56A,-73,13:45:12.591000,54
C45BBE37B346,-68,13:45:13.103000,54
C45BBE386952,-77,13:45:21.487000,54
C45BBE39F56A,-72,13:45:22.493000,54
C45BBE37B346,-74,13:45:22.633000,54
C45BBE39F56A,-71,13:45:30.196000,54
C45BBE386952,-75,13:45:31.252000,54
C45BBE37B346,-61,13:45:32.266000,54
C45BBE37B346,-77,13:45:38.195000,54
C45BBE386952,-80,13:45:41.032000,54
C45BBE39F56A,-74,13:45:41.982000,54
C45BBE37B346,-72,13:45:49.712000,54
C45BBE386952,-75,13:45:50.698000,54
C45BBE39F56A,-70,13:45:51.684000,54
C45BBE386952,-75,13:46:00.324000,55
C45BBE37B346,-77,13:46:03.179000,55
C45BBE39F56A,-66,13:46:03.403000,55
C45BBE37B346,-71,13:46:11.015000,55
C45BBE39F56A,-65,13:46:11.469000,55
C45BBE386952,-78,13:46:12.419000,55
C45BBE39F56A,-62,13:46:21.508000,55
C45BBE386952,-74,13:46:21.918000,55
C45BBE37B346,-69,13:46:22.596000,55
C45BBE386952,-64,13:46:31.685000,55
C45BBE39F56A,-69,13:46:31.685000,55
C45BBE37B346,-67,13:46:32.372000,55
C45BBE386952,-80,13:46:39.446000,55
C45BBE39F56A,-71,13:46:41.428000,55
C45BBE37B346,-78,13:46:42.255000,55
C45BBE386952,-80,13:46:47.402000,55
C45BBE37B346,-78,13:46:51.776000,55
C45BBE39F56A,-80,13:46:53.506000,55
C45BBE384CD2,-79,13:46:54.809000,55
C45BBE386952,-78,13:47:02.808000,55
C45BBE37B346,-74,13:47:03.323000,55
C45BBE39F56A,-77,13:47:03.345000,55
C45BBE386952,-78,13:47:12.482000,55
C45BBE37B346,-64,13:47:12.895000,55
C45BBE39F56A,-79,13:47:13.025000,55
C45BBE386952,-75,13:47:20.583000,55
C45BBE37B346,-74,13:47:22.600000,55
C45BBE39F56A,-75,13:47:22.723000,55
C45BBE386952,-73,13:47:30.177000,55
C45BBE37B346,-71,13:47:32.174000,55
C45BBE39F56A,-68,13:47:32.309000,55
C45BBE37B346,-72,13:47:41.766000,55
C45BBE386952,-71,13:47:41.809000,55
C45BBE39F56A,-67,13:47:42.063000,55
C45BBE37B346,-75,13:47:51.341000,55
C45BBE386952,-76,13:47:51.433000,55
C45BBE39F56A,-75,13:47:51.711000,55
C45BBE37B346,-65,13:48:02.849000,56
C45BBE386952,-71,13:48:02.975000,56
C45BBE39F56A,-75,13:48:03.523000,56
C45BBE37B346,-77,13:48:12.387000,56
C45BBE386952,-75,13:48:12.592000,56
C45BBE39F56A,-63,13:48:13.254000,56
C45BBE386362,-80,13:48:13.917000,56
C45BBE386952,-72,13:48:20.193000,56
C45BBE37B346,-68,13:48:22.001000,56
C45BBE39F56A,-64,13:48:23.068000,56
C45BBE386952,-74,13:48:29.909000,56
C45BBE39F56A,-75,13:48:33.020000,56
C45BBE37B346,-67,13:48:33.558000,56
C45BBE384CD2,-80,13:48:42.326000,56
C45BBE39F56A,-65,13:48:42.742000,56
C45BBE37B346,-70,13:48:43.130000,56
C45BBE386952,-77,13:48:43.526000,56
C45BBE384CD2,-75,13:48:52.069000,56
C45BBE39F56A,-73,13:48:52.532000,56
C45BBE37B346,-68,13:48:52.727000,56
C45BBE386952,-65,13:48:53.255000,56
C45BBE37B346,-76,13:49:00.414000,56
C45BBE39F56A,-72,13:49:02.215000,56
C45BBE386952,-73,13:49:02.871000,56
C45BBE384CD2,-78,13:49:09.557000,56
C45BBE37B346,-72,13:49:11.880000,56
C45BBE39F56A,-67,13:49:12.037000,56
C45BBE386952,-75,13:49:12.589000,56
C45BBE384CD2,-75,13:49:15.408000,56
C45BBE39F56A,-69,13:49:21.779000,56
C45BBE386952,-71,13:49:22.232000,56
C45BBE37B346,-58,13:49:23.424000,56
C45BBE37B346,-75,13:49:31.007000,56
C45BBE39F56A,-65,13:49:31.511000,56
C45BBE386952,-79,13:49:31.825000,56
C45BBE37B346,-76,13:49:42.603000,56
C45BBE39F56A,-69,13:49:43.220000,56
C45BBE386952,-78,13:49:43.355000,56
C45BBE37B346,-73,13:49:52.184000,56
C45BBE384CD2,-75,13:49:52.350000,56
C45BBE39F56A,-60,13:49:52.916000,56
C45BBE386952,-66,13:49:52.996000,56
C45BBE37B346,-69,13:50:01.708000,57
C45BBE39F56A,-55,13:50:02.549000,57
C45BBE386952,-78,13:50:02.581000,57
C45BBE384CD2,-80,13:50:05.994000,57
C45BBE39F56A,-67,13:50:12.181000,57
C45BBE386952,-71,13:50:12.193000,57
C45BBE37B346,-70,13:50:13.257000,57
C45BBE386952,-74,13:50:19.897000,57
C45BBE39F56A,-64,13:50:22.323000,57
C45BBE37B346,-77,13:50:22.910000,57
C45BBE37B346,-70,13:50:30.500000,57
C45BBE386952,-66,13:50:31.617000,57
C45BBE39F56A,-67,13:50:31.955000,57
C45BBE39F56A,-66,13:50:42.015000,57
C45BBE37B346,-71,13:50:42.224000,57
C45BBE386952,-75,13:50:43.213000,57
C45BBE39F56A,-60,13:50:51.720000,57
C45BBE37B346,-69,13:50:51.761000,57
C45BBE386952,-70,13:50:53.076000,57
C45BBE384CD2,-78,13:50:56.805000,57
C45BBE386952,-72,13:51:02.869000,57
C45BBE37B346,-68,13:51:03.411000,57
C45BBE39F56A,-71,13:51:03.578000,57
C45BBE386952,-79,13:51:12.457000,57
C45BBE37B346,-72,13:51:13.388000,57
C45BBE39F56A,-60,13:51:13.490000,57
C45BBE39F56A,-71,13:51:21.797000,57
C45BBE386952,-75,13:51:22.569000,57
C45BBE37B346,-67,13:51:23.375000,57
C45BBE384CD2,-77,13:51:30.411000,57
C45BBE37B346,-69,13:51:31.076000,57
C45BBE39F56A,-67,13:51:31.839000,57
C45BBE386952,-78,13:51:32.222000,57
C45BBE37B346,-70,13:51:36.682000,57
C45BBE386952,-78,13:51:41.803000,57
C45BBE39F56A,-66,13:51:43.430000,57
C45BBE386952,-73,13:51:51.456000,57
C45BBE37B346,-73,13:51:52.115000,57
C45BBE39F56A,-64,13:51:53.268000,57
C45BBE386952,-71,13:52:01.056000,58
C45BBE37B346,-73,13:52:01.672000,58
C45BBE39F56A,-57,13:52:03.024000,58
C45BBE39F56A,-62,13:52:08.870000,58
C45BBE386952,-75,13:52:12.548000,58
C45BBE37B346,-75,13:52:13.343000,58
C45BBE386952,-61,13:52:22.200000,58
C45BBE39F56A,-71,13:52:22.543000,58
C45BBE37B346,-69,13:52:22.939000,58
C45BBE386952,-72,13:52:31.897000,58
C45BBE39F56A,-64,13:52:32.233000,58
C45BBE37B346,-77,13:52:32.482000,58
C45BBE386952,-75,13:52:41.566000,58
C45BBE39F56A,-66,13:52:42.541000,58
C45BBE37B346,-75,13:52:42.915000,58
C45BBE39F56A,-62,13:52:52.215000,58
C45BBE37B346,-75,13:52:52.366000,58
C45BBE386952,-71,13:52:53.298000,58
C45BBE39F56A,-64,13:53:00.185000,58
C45BBE37B346,-66,13:53:00.260000,58
C45BBE386952,-72,13:53:03.080000,58
C45BBE39F56A,-60,13:53:09.882000,58
C45BBE37B346,-67,13:53:11.716000,58
C45BBE386952,-69,13:53:12.845000,58
C45BBE386952,-74,13:53:22.633000,58
C45BBE37B346,-64,13:53:23.230000,58
C45BBE39F56A,-62,13:53:23.435000,58
C45BBE39F56A,-59,13:53:31.255000,58
C45BBE386952,-76,13:53:32.224000,58
C45BBE37B346,-77,13:53:32.760000,58
C45BBE386952,-77,13:53:38.054000,58
C45BBE37B346,-78,13:53:42.340000,58
C45BBE39F56A,-57,13:53:42.955000,58
C45BBE37B346,-77,13:53:51.926000,58
C45BBE39F56A,-62,13:53:52.672000,58
C45BBE386952,-79,13:53:53.463000,58
C45BBE384CD2,-74,13:53:56.885000,58
C45BBE39F56A,-73,13:54:00.403000,59
C45BBE386952,-74,13:54:03.067000,59
C45BBE37B346,-80,13:54:03.503000,59
C45BBE384CD2,-79,13:54:08.565000,59
C45BBE386362,-80,13:54:08.914000,59
C45BBE386952,-78,13:54:10.812000,59
C45BBE37B346,-69,13:54:11.184000,59
C45BBE39F56A,-71,13:54:12.129000,59
C45BBE39F56A,-61,13:54:22.033000,59
C45BBE386952,-67,13:54:22.360000,59
C45BBE37B346,-76,13:54:22.642000,59
C45BBE39F56A,-74,13:54:29.741000,59
C45BBE37B346,-70,13:54:30.330000,59
C45BBE386952,-70,13:54:31.999000,59
C45BBE384CD2,-79,13:54:39.693000,59
C45BBE386952,-75,13:54:41.663000,59
C45BBE37B346,-70,13:54:41.809000,59
C45BBE39F56A,-69,13:54:43.299000,59
C45BBE384CD2,-79,13:54:45.569000,59
C45BBE39F56A,-61,13:54:53.093000,59
C45BBE386952,-64,13:54:53.203000,59
C45BBE37B346,-64,13:54:53.384000,59
C45BBE39F56A,-68,13:55:02.843000,59
C45BBE37B346,-75,13:55:02.888000,59
C45BBE386952,-66,13:55:02.944000,59
C45BBE384CD2,-77,13:55:06.934000,59
C45BBE37B346,-73,13:55:12.599000,59
C45BBE39F56A,-67,13:55:12.632000,59
C45BBE386952,-71,13:55:12.687000,59
C45BBE37B346,-72,13:55:22.243000,59
C45BBE386952,-74,13:55:22.311000,59
C45BBE39F56A,-59,13:55:22.333000,59
C45BBE37B346,-77,13:55:31.887000,59
C45BBE386952,-71,13:55:32.020000,59
C45BBE39F56A,-70,13:55:32.076000,59
C45BBE386952,-69,13:55:41.724000,59
C45BBE39F56A,-62,13:55:41.789000,59
C45BBE37B346,-66,13:55:43.342000,59
C45BBE37B346,-65,13:55:53.032000,59
C45BBE386952,-80,13:55:53.408000,59
C45BBE39F56A,-56,13:55:53.551000,59
C45BBE37B346,-63,13:56:02.566000,60
C45BBE386952,-73,13:56:03.057000,60
C45BBE39F56A,-63,13:56:03.291000,60
C45BBE386362,-76,13:56:05.545000,60
C45BBE37B346,-79,13:56:10.230000,60
C45BBE386952,-64,13:56:12.749000,60
C45BBE39F56A,-69,13:56:13.101000,60
C45BBE384CD2,-79,13:56:13.181000,60
C45BBE386362,-76,13:56:17.131000,60
C45BBE37B346,-66,13:56:21.703000,60
C45BBE386952,-66,13:56:22.086000,60
C45BBE39F56A,-53,13:56:22.858000,60
C45BBE384CD2,-79,13:56:22.913000,60
C45BBE39F56A,-73,13:56:30.617000,60
C45BBE386952,-62,13:56:31.708000,60
C45BBE37B346,-67,13:56:33.234000,60
C45BBE39F56A,-54,13:56:42.310000,60
C45BBE37B346,-56,13:56:42.818000,60
C45BBE386952,-74,13:56:43.335000,60
C45BBE39F56A,-66,13:56:52.137000,60
C45BBE37B346,-64,13:56:52.420000,60
C45BBE386952,-79,13:56:53.011000,60
C45BBE39F56A,-69,13:57:00.014000,60
C45BBE37B346,-69,13:57:02.056000,60
C45BBE386952,-69,13:57:02.692000,60
C45BBE386952,-74,13:57:08.494000,60
C45BBE39F56A,-62,13:57:11.748000,60
C45BBE37B346,-71,13:57:13.504000,60
C45BBE37B346,-66,13:57:21.145000,60
C45BBE386952,-75,13:57:22.011000,60
C45BBE39F56A,-64,13:57:23.376000,60
C45BBE37B346,-70,13:57:32.654000,60
C45BBE39F56A,-62,13:57:33.093000,60
C45BBE386952,-77,13:57:33.572000,60
C45BBE37B346,-67,13:57:42.329000,60
C45BBE39F56A,-51,13:57:42.886000,60
C45BBE386952,-77,13:57:43.327000,60
C45BBE37B346,-69,13:57:52.160000,60
C45BBE39F56A,-67,13:57:52.562000,60
C45BBE386952,-71,13:57:52.961000,60
C45BBE39F56A,-70,13:58:02.453000,60
C45BBE386952,-71,13:58:02.578000,60
C45BBE37B346,-73,13:58:03.548000,60
C45BBE386952,-73,13:58:10.218000,60
C45BBE39F56A,-64,13:58:12.278000,60
C45BBE37B346,-65,13:58:13.270000,60
C45BBE386952,-72,13:58:22.257000,60
C45BBE39F56A,-48,13:58:22.363000,60
C45BBE37B346,-68,13:58:22.669000,60
C45BBE386952,-66,13:58:31.955000,60
C45BBE39F56A,-67,13:58:32.185000,60
C45BBE37B346,-65,13:58:32.260000,60
C45BBE37B346,-69,13:58:40.112000,60
C45BBE39F56A,-61,13:58:41.984000,60
C45BBE386952,-66,13:58:43.580000,60
C45BBE39F56A,-58,13:58:51.677000,60
C45BBE386952,-62,13:58:53.255000,60
C45BBE37B346,-65,13:58:53.489000,60
C45BBE37B346,-73,13:59:02.641000,60
C45BBE386952,-71,13:59:03.001000,60
C45BBE39F56A,-56,13:59:03.358000,60
C45BBE37B346,-77,13:59:12.358000,60
C45BBE386952,-71,13:59:12.698000,60
C45BBE39F56A,-73,13:59:13.463000,60
C45BBE386952,-73,13:59:20.392000,60
C45BBE37B346,-72,13:59:21.848000,60
C45BBE39F56A,-74,13:59:23.112000,60
C45BBE386952,-76,13:59:31.912000,60
C45BBE39F56A,-76,13:59:32.783000,60
C45BBE37B346,-78,13:59:33.363000,60
C45BBE37B346,-80,13:59:41.098000,60
C45BBE39F56A,-74,13:59:42.531000,60
C45BBE386952,-69,13:59:43.527000,60
C45BBE39F56A,-76,13:59:50.303000,60
C45BBE386952,-77,13:59:53.227000,60
