,timestamp,macModule,rssi,h,min,metre
478,2022-11-18 12:56:39.732,C45BBE39F4D6,-80.0,12,56,15.0
477,2022-11-18 12:56:42.063,C45BBE39870E,-58.0,12,56,15.0
476,2022-11-18 12:56:45.581,C45BBE39F4D6,-73.0,12,56,15.0
475,2022-11-18 12:56:45.966,C45BBE39870E,-75.0,12,56,15.0
474,2022-11-18 12:57:03.484,C45BBE39870E,-73.0,12,57,15.0
473,2022-11-18 12:57:09.312,C45BBE39870E,-75.0,12,57,15.0
472,2022-11-18 12:57:42.151,A8032A311FAA,-69.0,12,57,15.0
471,2022-11-18 12:57:42.325,C45BBE39F4D6,-59.0,12,57,15.0
470,2022-11-18 12:57:42.359,C45BBE39870E,-78.0,12,57,15.0
469,2022-11-18 12:57:46.260,C45BBE39F4D6,-67.0,12,57,15.0
468,2022-11-18 12:57:50.200,C45BBE39870E,-78.0,12,57,15.0
467,2022-11-18 12:57:51.885,A8032A311FAA,-74.0,12,57,15.0
466,2022-11-18 12:57:53.978,C45BBE39F4D6,-77.0,12,57,15.0
465,2022-11-18 12:58:01.635,A8032A311FAA,-59.0,12,58,15.0
464,2022-11-18 12:58:02.186,C45BBE39F9AE,-77.0,12,58,15.0
463,2022-11-18 12:58:11.931,C45BBE39F9AE,-47.0,12,58,15.0
462,2022-11-18 12:58:12.206,A8032A31204E,-70.0,12,58,15.0
461,2022-11-18 12:58:13.429,A8032A311FAA,-76.0,12,58,15.0
460,2022-11-18 12:58:14.077,A8032A31204E,-76.0,12,58,15.0
459,2022-11-18 12:58:21.681,C45BBE39F9AE,-66.0,12,58,15.0
458,2022-11-18 12:58:31.361,C45BBE39F9AE,-78.0,12,58,15.0
457,2022-11-18 12:58:39.263,C45BBE39F9AE,-73.0,12,58,15.0
456,2022-11-18 12:58:52.584,A8032A311FAA,-80.0,12,58,15.0
455,2022-11-18 12:58:53.138,C45BBE39F9AE,-60.0,12,58,15.0
454,2022-11-18 12:59:01.027,C45BBE39F9AE,-79.0,12,59,16.0
453,2022-11-18 12:59:12.711,C45BBE39F9AE,-79.0,12,59,16.0
452,2022-11-18 12:59:22.416,C45BBE39F9AE,-69.0,12,59,16.0
451,2022-11-18 12:59:22.883,A8032A31204E,-80.0,12,59,16.0
450,2022-11-18 12:59:30.152,C45BBE39F9AE,-71.0,12,59,16.0
449,2022-11-18 12:59:30.521,A8032A31204E,-74.0,12,59,16.0
448,2022-11-18 12:59:41.835,C45BBE39F9AE,-77.0,12,59,16.0
447,2022-11-18 12:59:43.273,A8032A311FAA,-73.0,12,59,16.0
446,2022-11-18 12:59:51.731,C45BBE39F9AE,-66.0,12,59,16.0
445,2022-11-18 12:59:53.012,A8032A311FAA,-80.0,12,59,16.0
444,2022-11-18 13:00:01.164,A8032A31204E,-80.0,13,0,16.0
443,2022-11-18 13:00:02.865,C45BBE39F9AE,-74.0,13,0,16.0
442,2022-11-18 13:00:06.622,A8032A311FAA,-79.0,13,0,16.0
441,2022-11-18 13:00:10.773,C45BBE39F9AE,-72.0,13,0,16.0
440,2022-11-18 13:00:10.784,A8032A31204E,-79.0,13,0,16.0
439,2022-11-18 13:00:20.323,A8032A31204E,-77.0,13,0,16.0
438,2022-11-18 13:00:22.202,A8032A311FAA,-75.0,13,0,16.0
437,2022-11-18 13:00:22.484,C45BBE39F9AE,-65.0,13,0,16.0
436,2022-11-18 13:00:29.958,A8032A311FAA,-79.0,13,0,16.0
435,2022-11-18 13:00:32.314,C45BBE39F9AE,-64.0,13,0,16.0
434,2022-11-18 13:00:39.777,A8032A311FAA,-79.0,13,0,16.0
433,2022-11-18 13:00:42.151,C45BBE39F9AE,-77.0,13,0,16.0
432,2022-11-18 13:00:43.426,A8032A31204E,-68.0,13,0,16.0
431,2022-11-18 13:00:51.974,C45BBE39F9AE,-76.0,13,0,16.0
430,2022-11-18 13:00:53.095,A8032A31204E,-73.0,13,0,16.0
429,2022-11-18 13:01:01.944,C45BBE39F9AE,-73.0,13,1,17.0
428,2022-11-18 13:01:02.728,A8032A31204E,-72.0,13,1,17.0
427,2022-11-18 13:01:11.676,C45BBE39F9AE,-72.0,13,1,17.0
426,2022-11-18 13:01:12.387,A8032A31204E,-78.0,13,1,17.0
425,2022-11-18 13:01:19.145,A8032A311FAA,-75.0,13,1,17.0
424,2022-11-18 13:01:23.324,C45BBE39F9AE,-67.0,13,1,17.0
423,2022-11-18 13:01:33.069,C45BBE39F9AE,-80.0,13,1,17.0
422,2022-11-18 13:01:42.859,C45BBE39F9AE,-80.0,13,1,17.0
421,2022-11-18 13:01:50.644,C45BBE39F9AE,-75.0,13,1,17.0
420,2022-11-18 13:02:00.457,C45BBE39F9AE,-68.0,13,2,17.0
419,2022-11-18 13:02:06.137,A8032A311FAA,-79.0,13,2,17.0
418,2022-11-18 13:02:10.553,C45BBE39F9AE,-67.0,13,2,17.0
417,2022-11-18 13:02:14.423,C45BBE39F9AE,-59.0,13,2,17.0
416,2022-11-18 13:02:20.024,A8032A311FAA,-77.0,13,2,17.0
415,2022-11-18 13:02:22.019,A8032A31204E,-75.0,13,2,17.0
414,2022-11-18 13:02:29.633,A8032A31204E,-78.0,13,2,17.0
413,2022-11-18 13:02:30.055,C45BBE39F9AE,-71.0,13,2,17.0
412,2022-11-18 13:02:41.963,C45BBE39F9AE,-72.0,13,2,17.0
411,2022-11-18 13:02:51.782,C45BBE39F9AE,-70.0,13,2,17.0
410,2022-11-18 13:02:56.583,A8032A31204E,-76.0,13,2,17.0
409,2022-11-18 13:03:03.478,C45BBE39F9AE,-78.0,13,3,18.0
408,2022-11-18 13:03:07.281,A8032A311FAA,-80.0,13,3,18.0
407,2022-11-18 13:03:10.112,A8032A31204E,-78.0,13,3,18.0
406,2022-11-18 13:03:13.197,C45BBE39F9AE,-76.0,13,3,18.0
405,2022-11-18 13:03:22.931,C45BBE39F9AE,-75.0,13,3,18.0
404,2022-11-18 13:03:25.429,A8032A31204E,-75.0,13,3,18.0
403,2022-11-18 13:03:30.732,C45BBE39F9AE,-76.0,13,3,18.0
402,2022-11-18 13:03:38.596,C45BBE39F9AE,-75.0,13,3,18.0
401,2022-11-18 13:03:52.184,A8032A31204E,-80.0,13,3,18.0
400,2022-11-18 13:03:52.394,C45BBE39F9AE,-73.0,13,3,18.0
399,2022-11-18 13:04:00.195,C45BBE39F9AE,-73.0,13,4,18.0
398,2022-11-18 13:04:11.885,C45BBE39F9AE,-79.0,13,4,18.0
397,2022-11-18 13:04:13.829,C45BBE39F9AE,-76.0,13,4,18.0
396,2022-11-18 13:04:27.433,C45BBE39F9AE,-80.0,13,4,18.0
395,2022-11-18 13:04:30.485,A8032A31204E,-78.0,13,4,18.0
394,2022-11-18 13:04:42.306,A8032A31204E,-80.0,13,4,18.0
393,2022-11-18 13:04:52.943,C45BBE39F9AE,-79.0,13,4,18.0
392,2022-11-18 13:05:01.629,A8032A31204E,-80.0,13,5,19.0
391,2022-11-18 13:05:06.575,C45BBE39F9AE,-77.0,13,5,19.0
390,2022-11-18 13:05:13.102,A8032A31204E,-71.0,13,5,19.0
389,2022-11-18 13:05:20.654,A8032A31204E,-73.0,13,5,19.0
388,2022-11-18 13:05:22.157,C45BBE39F9AE,-80.0,13,5,19.0
387,2022-11-18 13:05:28.295,A8032A311FAA,-79.0,13,5,19.0
386,2022-11-18 13:05:29.926,C45BBE39F9AE,-69.0,13,5,19.0
385,2022-11-18 13:05:39.659,C45BBE39F9AE,-79.0,13,5,19.0
384,2022-11-18 13:05:43.479,A8032A31204E,-71.0,13,5,19.0
383,2022-11-18 13:05:53.088,A8032A31204E,-72.0,13,5,19.0
382,2022-11-18 13:06:02.667,A8032A31204E,-72.0,13,6,19.0
381,2022-11-18 13:06:12.265,A8032A31204E,-73.0,13,6,19.0
380,2022-11-18 13:06:18.681,C45BBE39F9AE,-80.0,13,6,19.0
379,2022-11-18 13:06:21.842,A8032A31204E,-76.0,13,6,19.0
378,2022-11-18 13:06:33.355,A8032A31204E,-74.0,13,6,19.0
377,2022-11-18 13:06:42.195,C45BBE39F9AE,-76.0,13,6,19.0
376,2022-11-18 13:06:42.887,A8032A31204E,-68.0,13,6,19.0
375,2022-11-18 13:06:46.517,A8032A311FAA,-80.0,13,6,19.0
374,2022-11-18 13:06:51.927,C45BBE39F9AE,-80.0,13,6,19.0
373,2022-11-18 13:06:52.667,A8032A31204E,-78.0,13,6,19.0
372,2022-11-18 13:07:01.649,C45BBE39F9AE,-78.0,13,7,20.0
371,2022-11-18 13:07:02.274,A8032A31204E,-77.0,13,7,20.0
370,2022-11-18 13:07:11.826,A8032A31204E,-77.0,13,7,20.0
369,2022-11-18 13:07:23.402,A8032A31204E,-77.0,13,7,20.0
368,2022-11-18 13:07:32.902,C45BBE39F9AE,-77.0,13,7,20.0
367,2022-11-18 13:07:32.958,A8032A31204E,-80.0,13,7,20.0
366,2022-11-18 13:07:40.720,C45BBE39F9AE,-76.0,13,7,20.0
365,2022-11-18 13:07:42.538,A8032A31204E,-79.0,13,7,20.0
364,2022-11-18 13:07:48.461,C45BBE39F9AE,-78.0,13,7,20.0
363,2022-11-18 13:07:50.213,A8032A31204E,-80.0,13,7,20.0
362,2022-11-18 13:07:58.184,C45BBE39F9AE,-77.0,13,7,20.0
361,2022-11-18 13:08:03.502,A8032A31204E,-65.0,13,8,20.0
360,2022-11-18 13:08:09.979,C45BBE39F9AE,-79.0,13,8,20.0
359,2022-11-18 13:08:13.087,A8032A31204E,-71.0,13,8,20.0
358,2022-11-18 13:08:19.857,C45BBE39F9AE,-73.0,13,8,20.0
357,2022-11-18 13:08:22.713,A8032A31204E,-65.0,13,8,20.0
356,2022-11-18 13:08:30.357,A8032A31204E,-62.0,13,8,20.0
355,2022-11-18 13:08:31.543,C45BBE39F9AE,-75.0,13,8,20.0
354,2022-11-18 13:08:39.329,C45BBE39F9AE,-79.0,13,8,20.0
353,2022-11-18 13:08:39.996,A8032A31204E,-76.0,13,8,20.0
352,2022-11-18 13:08:53.344,A8032A31204E,-76.0,13,8,20.0
351,2022-11-18 13:09:02.683,C45BBE39F9AE,-73.0,13,9,21.0
350,2022-11-18 13:09:02.941,A8032A31204E,-74.0,13,9,21.0
349,2022-11-18 13:09:12.403,C45BBE39F9AE,-79.0,13,9,21.0
348,2022-11-18 13:09:22.149,C45BBE39F9AE,-75.0,13,9,21.0
347,2022-11-18 13:09:31.734,A8032A31204E,-77.0,13,9,21.0
346,2022-11-18 13:09:32.104,C45BBE39F9AE,-72.0,13,9,21.0
345,2022-11-18 13:09:39.438,A8032A31204E,-78.0,13,9,21.0
344,2022-11-18 13:09:47.222,A8032A31204E,-80.0,13,9,21.0
343,2022-11-18 13:10:01.366,C45BBE39F9AE,-80.0,13,10,21.0
342,2022-11-18 13:10:05.266,C45BBE39F9AE,-80.0,13,10,21.0
341,2022-11-18 13:10:12.000,A8032A31204E,-64.0,13,10,21.0
340,2022-11-18 13:10:23.460,A8032A31204E,-80.0,13,10,21.0
339,2022-11-18 13:10:29.165,A8032A31204E,-71.0,13,10,21.0
338,2022-11-18 13:10:30.543,C45BBE39F9AE,-79.0,13,10,21.0
337,2022-11-18 13:10:36.426,C45BBE39F9AE,-73.0,13,10,21.0
336,2022-11-18 13:10:40.629,A8032A31204E,-80.0,13,10,21.0
335,2022-11-18 13:10:52.137,A8032A31204E,-73.0,13,10,21.0
334,2022-11-18 13:11:00.025,A8032A31204E,-79.0,13,11,22.0
333,2022-11-18 13:11:03.774,A8032A31204E,-74.0,13,11,22.0
332,2022-11-18 13:11:04.034,C45BBE39F9AE,-78.0,13,11,22.0
331,2022-11-18 13:11:19.717,C45BBE39F9AE,-76.0,13,11,22.0
330,2022-11-18 13:11:23.091,A8032A31204E,-76.0,13,11,22.0
329,2022-11-18 13:11:29.445,C45BBE39F9AE,-79.0,13,11,22.0
328,2022-11-18 13:11:32.592,A8032A31204E,-79.0,13,11,22.0
327,2022-11-18 13:11:40.203,A8032A31204E,-80.0,13,11,22.0
326,2022-11-18 13:11:43.149,C45BBE39F9AE,-80.0,13,11,22.0
325,2022-11-18 13:11:43.951,A8032A31204E,-75.0,13,11,22.0
324,2022-11-18 13:11:45.074,C45BBE39F9AE,-79.0,13,11,22.0
323,2022-11-18 13:11:53.545,A8032A31204E,-79.0,13,11,22.0
322,2022-11-18 13:12:04.153,A8032A31204E,-63.0,13,12,22.0
321,2022-11-18 13:12:04.287,C45BBE37B346,-80.0,13,12,22.0
320,2022-11-18 13:12:15.737,A8032A31204E,-76.0,13,12,22.0
319,2022-11-18 13:12:27.280,A8032A31204E,-79.0,13,12,22.0
318,2022-11-18 13:12:41.596,C45BBE39F9AE,-80.0,13,12,22.0
317,2022-11-18 13:12:42.650,A8032A31204E,-70.0,13,12,22.0
316,2022-11-18 13:12:52.207,A8032A31204E,-70.0,13,12,22.0
315,2022-11-18 13:13:01.757,A8032A31204E,-58.0,13,13,23.0
314,2022-11-18 13:13:13.206,A8032A31204E,-71.0,13,13,23.0
313,2022-11-18 13:13:22.912,A8032A31204E,-66.0,13,13,23.0
312,2022-11-18 13:13:32.400,A8032A31204E,-65.0,13,13,23.0
311,2022-11-18 13:13:41.984,A8032A31204E,-78.0,13,13,23.0
310,2022-11-18 13:13:49.749,A8032A31204E,-78.0,13,13,23.0
309,2022-11-18 13:13:49.874,C45BBE39F9AE,-76.0,13,13,23.0
308,2022-11-18 13:14:03.195,A8032A31204E,-69.0,13,14,23.0
307,2022-11-18 13:14:12.902,A8032A31204E,-76.0,13,14,23.0
306,2022-11-18 13:14:18.843,A8032A31204E,-80.0,13,14,23.0
305,2022-11-18 13:14:19.152,C45BBE39F9AE,-76.0,13,14,23.0
304,2022-11-18 13:14:32.299,A8032A31204E,-74.0,13,14,23.0
303,2022-11-18 13:14:42.039,A8032A31204E,-80.0,13,14,23.0
302,2022-11-18 13:14:51.665,A8032A31204E,-77.0,13,14,23.0
301,2022-11-18 13:15:03.436,A8032A31204E,-77.0,13,15,24.0
300,2022-11-18 13:15:11.390,A8032A31204E,-70.0,13,15,24.0
299,2022-11-18 13:15:20.850,A8032A31204E,-75.0,13,15,24.0
298,2022-11-18 13:15:30.590,C45BBE39F9AE,-79.0,13,15,24.0
297,2022-11-18 13:15:38.399,C45BBE39F9AE,-74.0,13,15,24.0
296,2022-11-18 13:15:40.449,A8032A31204E,-72.0,13,15,24.0
295,2022-11-18 13:15:46.140,C45BBE39F9AE,-78.0,13,15,24.0
294,2022-11-18 13:15:49.849,A8032A31204E,-80.0,13,15,24.0
293,2022-11-18 13:16:01.325,A8032A31204E,-76.0,13,16,24.0
292,2022-11-18 13:16:12.748,A8032A31204E,-75.0,13,16,24.0
291,2022-11-18 13:16:20.377,A8032A31204E,-73.0,13,16,24.0
290,2022-11-18 13:16:23.324,C45BBE39F9AE,-79.0,13,16,24.0
289,2022-11-18 13:16:31.844,A8032A31204E,-76.0,13,16,24.0
288,2022-11-18 13:16:33.146,C45BBE39F9AE,-80.0,13,16,24.0
287,2022-11-18 13:16:43.351,A8032A31204E,-70.0,13,16,24.0
286,2022-11-18 13:16:53.020,A8032A31204E,-76.0,13,16,24.0
285,2022-11-18 13:16:58.741,A8032A31204E,-73.0,13,16,24.0
284,2022-11-18 13:17:12.165,A8032A31204E,-77.0,13,17,25.0
283,2022-11-18 13:17:15.989,A8032A31204E,-74.0,13,17,25.0
282,2022-11-18 13:17:31.410,A8032A31204E,-78.0,13,17,25.0
281,2022-11-18 13:17:42.855,A8032A31204E,-72.0,13,17,25.0
280,2022-11-18 13:17:52.518,A8032A31204E,-75.0,13,17,25.0
279,2022-11-18 13:17:56.373,A8032A31204E,-79.0,13,17,25.0
278,2022-11-18 13:18:23.294,A8032A31204E,-72.0,13,18,25.0
277,2022-11-18 13:18:32.859,A8032A31204E,-68.0,13,18,25.0
276,2022-11-18 13:18:42.735,A8032A31204E,-78.0,13,18,25.0
275,2022-11-18 13:18:52.095,A8032A31204E,-76.0,13,18,25.0
274,2022-11-18 13:18:56.043,A8032A31204E,-79.0,13,18,25.0
273,2022-11-18 13:19:22.931,A8032A31204E,-74.0,13,19,26.0
272,2022-11-18 13:19:32.648,A8032A31204E,-78.0,13,19,26.0
271,2022-11-18 13:19:34.906,C45BBE39F9AE,-80.0,13,19,26.0
270,2022-11-18 13:19:40.300,A8032A31204E,-75.0,13,19,26.0
269,2022-11-18 13:19:48.535,C45BBE39F9AE,-78.0,13,19,26.0
268,2022-11-18 13:19:51.824,A8032A31204E,-74.0,13,19,26.0
267,2022-11-18 13:19:59.460,A8032A31204E,-79.0,13,19,26.0
266,2022-11-18 13:20:12.974,A8032A31204E,-79.0,13,20,26.0
265,2022-11-18 13:20:22.617,A8032A31204E,-72.0,13,20,26.0
264,2022-11-18 13:20:24.447,A8032A31204E,-79.0,13,20,26.0
263,2022-11-18 13:20:25.626,C45BBE39F9AE,-79.0,13,20,26.0
262,2022-11-18 13:20:41.725,A8032A31204E,-77.0,13,20,26.0
261,2022-11-18 13:20:53.209,A8032A31204E,-75.0,13,20,26.0
260,2022-11-18 13:21:02.800,A8032A31204E,-70.0,13,21,26.0
259,2022-11-18 13:21:10.580,A8032A31204E,-77.0,13,21,26.0
258,2022-11-18 13:21:22.057,A8032A31204E,-79.0,13,21,26.0
257,2022-11-18 13:21:31.667,A8032A31204E,-66.0,13,21,26.0
256,2022-11-18 13:21:43.449,A8032A31204E,-74.0,13,21,26.0
255,2022-11-18 13:21:46.073,C45BBE39F9AE,-80.0,13,21,26.0
254,2022-11-18 13:21:53.003,A8032A31204E,-77.0,13,21,26.0
253,2022-11-18 13:22:02.622,A8032A31204E,-72.0,13,22,27.0
252,2022-11-18 13:22:03.498,C45BBE39F9AE,-76.0,13,22,27.0
251,2022-11-18 13:22:12.175,A8032A31204E,-72.0,13,22,27.0
250,2022-11-18 13:22:21.716,A8032A31204E,-67.0,13,22,27.0
249,2022-11-18 13:22:33.394,A8032A31204E,-66.0,13,22,27.0
248,2022-11-18 13:22:43.189,A8032A31204E,-68.0,13,22,27.0
247,2022-11-18 13:22:52.844,A8032A31204E,-73.0,13,22,27.0
246,2022-11-18 13:23:02.478,A8032A31204E,-69.0,13,23,27.0
245,2022-11-18 13:23:12.243,A8032A31204E,-61.0,13,23,27.0
244,2022-11-18 13:23:21.705,A8032A31204E,-61.0,13,23,27.0
243,2022-11-18 13:23:33.247,A8032A31204E,-64.0,13,23,27.0
242,2022-11-18 13:23:40.947,A8032A31204E,-68.0,13,23,27.0
241,2022-11-18 13:23:52.494,A8032A31204E,-69.0,13,23,27.0
240,2022-11-18 13:24:02.086,A8032A31204E,-57.0,13,24,28.0
239,2022-11-18 13:24:11.626,A8032A31204E,-67.0,13,24,28.0
238,2022-11-18 13:24:23.132,A8032A31204E,-61.0,13,24,28.0
237,2022-11-18 13:24:33.210,A8032A31204E,-79.0,13,24,28.0
236,2022-11-18 13:24:42.817,A8032A31204E,-64.0,13,24,28.0
235,2022-11-18 13:24:52.444,A8032A31204E,-58.0,13,24,28.0
234,2022-11-18 13:25:02.035,A8032A31204E,-67.0,13,25,28.0
233,2022-11-18 13:25:11.661,A8032A31204E,-67.0,13,25,28.0
232,2022-11-18 13:25:23.106,A8032A31204E,-74.0,13,25,28.0
231,2022-11-18 13:25:32.651,A8032A31204E,-79.0,13,25,28.0
230,2022-11-18 13:25:42.385,A8032A31204E,-70.0,13,25,28.0
229,2022-11-18 13:25:51.939,A8032A31204E,-72.0,13,25,28.0
228,2022-11-18 13:26:03.456,A8032A31204E,-52.0,13,26,29.0
227,2022-11-18 13:26:05.186,C45BBE37B346,-78.0,13,26,29.0
226,2022-11-18 13:26:13.023,A8032A31204E,-52.0,13,26,29.0
225,2022-11-18 13:26:22.630,A8032A31204E,-65.0,13,26,29.0
224,2022-11-18 13:26:23.477,C45BBE39F9AE,-75.0,13,26,29.0
223,2022-11-18 13:26:32.211,A8032A31204E,-56.0,13,26,29.0
222,2022-11-18 13:26:41.779,A8032A31204E,-72.0,13,26,29.0
221,2022-11-18 13:26:53.239,A8032A31204E,-68.0,13,26,29.0
220,2022-11-18 13:27:02.884,A8032A31204E,-68.0,13,27,29.0
219,2022-11-18 13:27:06.541,C45BBE37B346,-77.0,13,27,29.0
218,2022-11-18 13:27:12.484,A8032A31204E,-36.0,13,27,29.0
217,2022-11-18 13:27:22.009,A8032A31204E,-61.0,13,27,29.0
216,2022-11-18 13:27:33.401,A8032A31204E,-51.0,13,27,29.0
215,2022-11-18 13:27:43.099,A8032A31204E,-54.0,13,27,29.0
214,2022-11-18 13:27:52.810,A8032A31204E,-55.0,13,27,29.0
213,2022-11-18 13:28:02.414,A8032A31204E,-61.0,13,28,30.0
212,2022-11-18 13:28:12.231,A8032A31204E,-55.0,13,28,30.0
211,2022-11-18 13:28:23.512,A8032A31204E,-57.0,13,28,30.0
210,2022-11-18 13:28:33.103,A8032A31204E,-56.0,13,28,30.0
209,2022-11-18 13:28:42.496,C45BBE37B346,-80.0,13,28,30.0
208,2022-11-18 13:28:43.307,A8032A31204E,-51.0,13,28,30.0
207,2022-11-18 13:28:49.027,A8032A31204E,-61.0,13,28,30.0
206,2022-11-18 13:29:02.337,A8032A31204E,-59.0,13,29,30.0
205,2022-11-18 13:29:08.388,C45BBE39F9AE,-79.0,13,29,30.0
204,2022-11-18 13:29:10.551,A8032A31204E,-53.0,13,29,30.0
203,2022-11-18 13:29:22.053,A8032A31204E,-57.0,13,29,30.0
202,2022-11-18 13:29:31.658,A8032A31204E,-60.0,13,29,30.0
201,2022-11-18 13:29:43.247,A8032A31204E,-66.0,13,29,30.0
200,2022-11-18 13:29:49.529,C45BBE39F9AE,-80.0,13,29,30.0
199,2022-11-18 13:29:50.981,A8032A31204E,-62.0,13,29,30.0
198,2022-11-18 13:29:55.334,C45BBE39F9AE,-80.0,13,29,30.0
197,2022-11-18 13:29:58.649,A8032A31204E,-64.0,13,29,30.0
196,2022-11-18 13:30:07.032,C45BBE39F9AE,-79.0,13,30,31.0
195,2022-11-18 13:30:12.167,A8032A31204E,-62.0,13,30,31.0
194,2022-11-18 13:30:21.877,A8032A31204E,-61.0,13,30,31.0
193,2022-11-18 13:30:33.318,A8032A31204E,-69.0,13,30,31.0
192,2022-11-18 13:30:42.926,A8032A31204E,-66.0,13,30,31.0
191,2022-11-18 13:30:52.537,A8032A31204E,-70.0,13,30,31.0
190,2022-11-18 13:31:00.218,A8032A31204E,-67.0,13,31,31.0
189,2022-11-18 13:31:11.672,A8032A31204E,-68.0,13,31,31.0
188,2022-11-18 13:31:23.193,A8032A31204E,-67.0,13,31,31.0
187,2022-11-18 13:31:32.817,A8032A31204E,-57.0,13,31,31.0
186,2022-11-18 13:31:42.487,A8032A31204E,-63.0,13,31,31.0
185,2022-11-18 13:31:52.084,A8032A31204E,-64.0,13,31,31.0
184,2022-11-18 13:31:57.942,A8032A31204E,-69.0,13,31,31.0
183,2022-11-18 13:32:13.392,A8032A31204E,-58.0,13,32,32.0
182,2022-11-18 13:32:23.365,A8032A31204E,-63.0,13,32,32.0
181,2022-11-18 13:32:33.359,A8032A31204E,-51.0,13,32,32.0
180,2022-11-18 13:32:40.542,C45BBE39F9AE,-80.0,13,32,32.0
179,2022-11-18 13:32:40.880,A8032A31204E,-56.0,13,32,32.0
178,2022-11-18 13:32:50.581,C45BBE39F9AE,-79.0,13,32,32.0
177,2022-11-18 13:32:50.614,A8032A31204E,-58.0,13,32,32.0
176,2022-11-18 13:32:56.501,C45BBE39F9AE,-78.0,13,32,32.0
175,2022-11-18 13:33:02.409,A8032A31204E,-77.0,13,33,32.0
174,2022-11-18 13:33:12.101,A8032A31204E,-68.0,13,33,32.0
173,2022-11-18 13:33:21.720,A8032A31204E,-64.0,13,33,32.0
172,2022-11-18 13:33:29.369,C45BBE37B346,-80.0,13,33,32.0
171,2022-11-18 13:33:33.306,A8032A31204E,-67.0,13,33,32.0
170,2022-11-18 13:33:42.917,A8032A31204E,-66.0,13,33,32.0
169,2022-11-18 13:33:50.403,C45BBE37B346,-75.0,13,33,32.0
168,2022-11-18 13:33:52.524,A8032A31204E,-65.0,13,33,32.0
167,2022-11-18 13:34:02.109,A8032A31204E,-59.0,13,34,33.0
166,2022-11-18 13:34:02.852,C45BBE39F9AE,-79.0,13,34,33.0
165,2022-11-18 13:34:11.698,A8032A31204E,-58.0,13,34,33.0
164,2022-11-18 13:34:12.662,C45BBE39F9AE,-77.0,13,34,33.0
163,2022-11-18 13:34:22.436,C45BBE39F9AE,-77.0,13,34,33.0
162,2022-11-18 13:34:23.174,A8032A31204E,-64.0,13,34,33.0
161,2022-11-18 13:34:32.838,A8032A31204E,-70.0,13,34,33.0
160,2022-11-18 13:34:42.445,A8032A31204E,-69.0,13,34,33.0
159,2022-11-18 13:34:51.973,A8032A31204E,-60.0,13,34,33.0
158,2022-11-18 13:35:03.480,A8032A31204E,-63.0,13,35,33.0
157,2022-11-18 13:35:13.112,A8032A31204E,-74.0,13,35,33.0
156,2022-11-18 13:35:20.722,A8032A31204E,-80.0,13,35,33.0
155,2022-11-18 13:35:32.242,A8032A31204E,-79.0,13,35,33.0
154,2022-11-18 13:35:39.864,A8032A31204E,-67.0,13,35,33.0
153,2022-11-18 13:35:53.330,A8032A31204E,-73.0,13,35,33.0
152,2022-11-18 13:36:02.853,A8032A31204E,-77.0,13,36,34.0
151,2022-11-18 13:36:12.488,A8032A31204E,-76.0,13,36,34.0
150,2022-11-18 13:36:18.158,A8032A31204E,-74.0,13,36,34.0
149,2022-11-18 13:36:29.087,C45BBE37B346,-80.0,13,36,34.0
148,2022-11-18 13:36:33.448,A8032A31204E,-76.0,13,36,34.0
147,2022-11-18 13:36:43.095,A8032A31204E,-80.0,13,36,34.0
146,2022-11-18 13:36:52.667,A8032A31204E,-80.0,13,36,34.0
145,2022-11-18 13:37:02.275,A8032A31204E,-75.0,13,37,34.0
144,2022-11-18 13:37:12.004,A8032A31204E,-70.0,13,37,34.0
143,2022-11-18 13:37:23.541,A8032A31204E,-75.0,13,37,34.0
142,2022-11-18 13:37:32.231,C45BBE37B346,-77.0,13,37,34.0
141,2022-11-18 13:37:33.233,A8032A31204E,-79.0,13,37,34.0
140,2022-11-18 13:37:41.816,C45BBE37B346,-79.0,13,37,34.0
139,2022-11-18 13:37:42.849,A8032A31204E,-75.0,13,37,34.0
138,2022-11-18 13:37:51.360,C45BBE37B346,-80.0,13,37,34.0
137,2022-11-18 13:37:52.466,A8032A31204E,-75.0,13,37,34.0
136,2022-11-18 13:37:54.380,A8032A31204E,-76.0,13,37,34.0
135,2022-11-18 13:38:11.677,A8032A31204E,-71.0,13,38,35.0
134,2022-11-18 13:38:23.333,A8032A31204E,-69.0,13,38,35.0
133,2022-11-18 13:38:32.961,A8032A31204E,-68.0,13,38,35.0
132,2022-11-18 13:38:42.585,A8032A31204E,-67.0,13,38,35.0
131,2022-11-18 13:38:52.298,A8032A31204E,-70.0,13,38,35.0
130,2022-11-18 13:39:01.827,A8032A31204E,-67.0,13,39,35.0
129,2022-11-18 13:39:13.359,A8032A31204E,-68.0,13,39,35.0
128,2022-11-18 13:39:22.940,A8032A31204E,-75.0,13,39,35.0
127,2022-11-18 13:39:32.498,A8032A31204E,-68.0,13,39,35.0
126,2022-11-18 13:39:38.270,A8032A31204E,-79.0,13,39,35.0
125,2022-11-18 13:39:45.977,A8032A31204E,-75.0,13,39,35.0
124,2022-11-18 13:40:03.310,A8032A31204E,-71.0,13,40,36.0
123,2022-11-18 13:40:12.872,A8032A31204E,-80.0,13,40,36.0
122,2022-11-18 13:40:22.477,A8032A31204E,-76.0,13,40,36.0
121,2022-11-18 13:40:28.217,A8032A31204E,-78.0,13,40,36.0
120,2022-11-18 13:40:39.810,A8032A31204E,-74.0,13,40,36.0
119,2022-11-18 13:40:53.267,A8032A31204E,-70.0,13,40,36.0
118,2022-11-18 13:41:03.028,A8032A31204E,-66.0,13,41,36.0
117,2022-11-18 13:41:10.663,A8032A31204E,-73.0,13,41,36.0
116,2022-11-18 13:41:22.513,A8032A31204E,-75.0,13,41,36.0
115,2022-11-18 13:41:32.431,A8032A31204E,-70.0,13,41,36.0
114,2022-11-18 13:41:42.180,A8032A31204E,-79.0,13,41,36.0
113,2022-11-18 13:41:51.342,C45BBE37B346,-80.0,13,41,36.0
112,2022-11-18 13:41:51.788,A8032A31204E,-78.0,13,41,36.0
111,2022-11-18 13:41:55.197,C45BBE39F9AE,-78.0,13,41,36.0
110,2022-11-18 13:42:03.325,A8032A31204E,-75.0,13,42,37.0
109,2022-11-18 13:42:06.809,C45BBE39F9AE,-79.0,13,42,37.0
108,2022-11-18 13:42:12.899,A8032A31204E,-73.0,13,42,37.0
107,2022-11-18 13:42:22.507,A8032A31204E,-72.0,13,42,37.0
106,2022-11-18 13:42:30.132,A8032A31204E,-65.0,13,42,37.0
105,2022-11-18 13:42:53.242,A8032A31204E,-72.0,13,42,37.0
104,2022-11-18 13:43:01.785,A8032A31204E,-72.0,13,43,37.0
103,2022-11-18 13:43:13.020,A8032A31204E,-73.0,13,43,37.0
102,2022-11-18 13:43:22.667,A8032A31204E,-70.0,13,43,37.0
101,2022-11-18 13:43:22.800,C45BBE39F9AE,-80.0,13,43,37.0
100,2022-11-18 13:43:30.592,C45BBE39F9AE,-80.0,13,43,37.0
99,2022-11-18 13:43:32.267,A8032A31204E,-71.0,13,43,37.0
98,2022-11-18 13:43:41.816,A8032A31204E,-70.0,13,43,37.0
97,2022-11-18 13:43:42.345,C45BBE39F9AE,-80.0,13,43,37.0
96,2022-11-18 13:43:52.070,C45BBE39F9AE,-79.0,13,43,37.0
95,2022-11-18 13:43:53.354,A8032A31204E,-68.0,13,43,37.0
94,2022-11-18 13:44:01.805,C45BBE39F9AE,-80.0,13,44,38.0
93,2022-11-18 13:44:02.907,A8032A31204E,-71.0,13,44,38.0
92,2022-11-18 13:44:07.656,C45BBE39F9AE,-75.0,13,44,38.0
91,2022-11-18 13:44:12.518,A8032A31204E,-80.0,13,44,38.0
90,2022-11-18 13:44:19.216,C45BBE37B346,-80.0,13,44,38.0
89,2022-11-18 13:44:22.044,A8032A31204E,-72.0,13,44,38.0
88,2022-11-18 13:44:27.806,A8032A31204E,-78.0,13,44,38.0
87,2022-11-18 13:44:41.301,A8032A31204E,-76.0,13,44,38.0
86,2022-11-18 13:44:52.901,A8032A31204E,-72.0,13,44,38.0
85,2022-11-18 13:44:58.615,A8032A31204E,-73.0,13,44,38.0
84,2022-11-18 13:45:10.244,A8032A31204E,-77.0,13,45,38.0
83,2022-11-18 13:45:21.908,A8032A31204E,-76.0,13,45,38.0
82,2022-11-18 13:45:27.543,A8032A31204E,-80.0,13,45,38.0
81,2022-11-18 13:45:35.512,A8032A31204E,-73.0,13,45,38.0
80,2022-11-18 13:45:51.322,A8032A31204E,-79.0,13,45,38.0
79,2022-11-18 13:46:03.106,A8032A31204E,-80.0,13,46,39.0
78,2022-11-18 13:46:08.878,A8032A31204E,-78.0,13,46,39.0
77,2022-11-18 13:46:22.631,A8032A31204E,-75.0,13,46,39.0
76,2022-11-18 13:46:32.475,A8032A31204E,-80.0,13,46,39.0
75,2022-11-18 13:46:40.486,A8032A31204E,-79.0,13,46,39.0
74,2022-11-18 13:46:51.889,A8032A31204E,-76.0,13,46,39.0
73,2022-11-18 13:47:03.311,A8032A31204E,-79.0,13,47,39.0
72,2022-11-18 13:47:06.015,C45BBE39F9AE,-78.0,13,47,39.0
71,2022-11-18 13:47:09.052,A8032A31204E,-62.0,13,47,39.0
70,2022-11-18 13:47:30.347,A8032A31204E,-65.0,13,47,39.0
69,2022-11-18 13:47:30.437,C45BBE39F9AE,-80.0,13,47,39.0
68,2022-11-18 13:47:39.997,A8032A31204E,-76.0,13,47,39.0
67,2022-11-18 13:47:41.788,C45BBE37B346,-78.0,13,47,39.0
66,2022-11-18 13:47:46.005,C45BBE39F9AE,-76.0,13,47,39.0
65,2022-11-18 13:47:51.319,C45BBE37B346,-80.0,13,47,39.0
64,2022-11-18 13:47:53.404,A8032A31204E,-79.0,13,47,39.0
63,2022-11-18 13:48:03.009,A8032A31204E,-78.0,13,48,40.0
62,2022-11-18 13:48:10.678,A8032A31204E,-76.0,13,48,40.0
61,2022-11-18 13:48:20.226,A8032A31204E,-78.0,13,48,40.0
60,2022-11-18 13:48:29.954,A8032A31204E,-79.0,13,48,40.0
59,2022-11-18 13:48:31.633,C45BBE37B346,-79.0,13,48,40.0
58,2022-11-18 13:48:31.847,C45BBE386952,-76.0,13,48,40.0
57,2022-11-18 13:48:35.752,A8032A31204E,-77.0,13,48,40.0
56,2022-11-18 13:48:42.719,C45BBE39F56A,-79.0,13,48,40.0
55,2022-11-18 13:48:43.106,C45BBE37B346,-71.0,13,48,40.0
54,2022-11-18 13:48:43.560,C45BBE386952,-75.0,13,48,40.0
53,2022-11-18 13:48:49.132,A8032A31204E,-80.0,13,48,40.0
52,2022-11-18 13:48:52.487,C45BBE39F56A,-79.0,13,48,40.0
51,2022-11-18 13:48:52.750,C45BBE37B346,-72.0,13,48,40.0
50,2022-11-18 13:48:53.221,C45BBE386952,-78.0,13,48,40.0
49,2022-11-18 13:49:00.264,C45BBE39F56A,-79.0,13,49,40.0
48,2022-11-18 13:49:00.438,C45BBE37B346,-73.0,13,49,40.0
47,2022-11-18 13:49:02.623,A8032A31204E,-80.0,13,49,40.0
46,2022-11-18 13:49:02.894,C45BBE386952,-80.0,13,49,40.0
45,2022-11-18 13:49:04.225,C45BBE37B346,-79.0,13,49,40.0
44,2022-11-18 13:49:12.229,A8032A31204E,-64.0,13,49,40.0
43,2022-11-18 13:49:19.357,C45BBE39F9AE,-77.0,13,49,40.0
42,2022-11-18 13:49:19.975,A8032A31204E,-70.0,13,49,40.0
41,2022-11-18 13:49:31.478,A8032A31204E,-79.0,13,49,40.0
40,2022-11-18 13:49:37.207,A8032A31204E,-80.0,13,49,40.0
39,2022-11-18 13:49:48.721,A8032A31204E,-72.0,13,49,40.0
38,2022-11-18 13:50:02.200,A8032A31204E,-78.0,13,50,41.0
37,2022-11-18 13:50:11.849,A8032A31204E,-74.0,13,50,41.0
36,2022-11-18 13:50:19.545,A8032A31204E,-74.0,13,50,41.0
35,2022-11-18 13:50:55.710,C45BBE37B346,-79.0,13,50,41.0
34,2022-11-18 13:50:58.199,A8032A31204E,-77.0,13,50,41.0
33,2022-11-18 13:51:11.739,A8032A31204E,-78.0,13,51,41.0
32,2022-11-18 13:51:33.480,A8032A31204E,-80.0,13,51,41.0
31,2022-11-18 13:51:39.256,A8032A31204E,-78.0,13,51,41.0
30,2022-11-18 13:51:48.291,C45BBE37B346,-79.0,13,51,41.0
29,2022-11-18 13:51:48.910,A8032A31204E,-75.0,13,51,41.0
28,2022-11-18 13:52:10.039,A8032A31204E,-80.0,13,52,42.0
27,2022-11-18 13:52:21.661,A8032A31204E,-77.0,13,52,42.0
26,2022-11-18 13:52:27.409,A8032A31204E,-77.0,13,52,42.0
25,2022-11-18 13:52:37.116,A8032A31204E,-79.0,13,52,42.0
24,2022-11-18 13:52:52.717,A8032A31204E,-77.0,13,52,42.0
23,2022-11-18 13:52:54.657,A8032A31204E,-78.0,13,52,42.0
22,2022-11-18 13:53:25.124,C45BBE37B346,-74.0,13,53,42.0
21,2022-11-18 13:53:50.633,A8032A31204E,-76.0,13,53,42.0
20,2022-11-18 13:53:58.270,A8032A31204E,-78.0,13,53,42.0
19,2022-11-18 13:54:40.635,A8032A31204E,-80.0,13,54,43.0
18,2022-11-18 13:54:48.329,A8032A31204E,-80.0,13,54,43.0
17,2022-11-18 13:55:11.305,A8032A31204E,-79.0,13,55,43.0
16,2022-11-18 13:55:22.790,A8032A31204E,-80.0,13,55,43.0
15,2022-11-18 13:55:32.445,A8032A31204E,-80.0,13,55,43.0
14,2022-11-18 13:55:36.336,A8032A31204E,-79.0,13,55,43.0
13,2022-11-18 13:56:10.824,C45BBE386952,-79.0,13,56,44.0
12,2022-11-18 13:56:15.981,C45BBE37B346,-79.0,13,56,44.0
11,2022-11-18 13:56:17.053,C45BBE39F56A,-79.0,13,56,44.0
10,2022-11-18 13:56:22.668,A8032A31204E,-79.0,13,56,44.0
9,2022-11-18 13:56:58.683,C45BBE39F9AE,-79.0,13,56,44.0
8,2022-11-18 13:57:01.254,A8032A31204E,-70.0,13,57,44.0
7,2022-11-18 13:57:10.952,A8032A31204E,-65.0,13,57,44.0
6,2022-11-18 13:57:53.530,A8032A31204E,-76.0,13,57,44.0
5,2022-11-18 13:58:03.285,A8032A31204E,-74.0,13,58,45.0
4,2022-11-18 13:58:13.064,A8032A31204E,-76.0,13,58,45.0
3,2022-11-18 13:58:22.701,A8032A31204E,-73.0,13,58,45.0
2,2022-11-18 13:58:32.421,A8032A31204E,-77.0,13,58,45.0
1,2022-11-18 13:58:40.168,A8032A31204E,-74.0,13,58,45.0
0,2022-11-18 13:58:49.786,A8032A31204E,-76.0,13,58,45.0