timestamp,macModule,rssi,metre
2022-11-18 10:18:50.278,A8032A31204E,-70,30
2022-11-18 10:18:40.766,A8032A31204E,-66,30
2022-11-18 10:18:31.129,A8032A31204E,-65,30
2022-11-18 10:18:20.522,A8032A31204E,-51,30
2022-11-18 10:18:09.026,A8032A31204E,-49,30
2022-11-18 10:18:01.265,A8032A31204E,-55,30
2022-11-18 10:17:49.780,A8032A31204E,-55,30
2022-11-18 10:17:40.224,A8032A31204E,-61,30
2022-11-18 10:17:35.755,C45BBE37B346,-80,30
2022-11-18 10:17:30.608,A8032A31204E,-54,30
2022-11-18 10:17:21.025,A8032A31204E,-56,30
2022-11-18 10:17:05.724,A8032A31204E,-72,30
2022-11-18 10:16:54.259,A8032A31204E,-80,30
2022-11-18 10:16:50.426,A8032A31204E,-71,30
2022-11-18 10:16:37.019,A8032A31204E,-71,30
2022-11-18 10:16:31.159,A8032A31204E,-72,30
2022-11-18 10:16:21.600,A8032A31204E,-54,30
2022-11-18 10:16:12.031,A8032A31204E,-68,30
2022-11-18 10:16:00.461,A8032A31204E,-61,30
2022-09-23 14:37:53.618,C45BBE39F42A,-66,31
2022-09-23 14:37:52.770,A8032A31204E,-70,31
2022-09-23 14:37:41.961,C45BBE39F42A,-67,31
2022-09-23 14:37:35.268,A8032A31204E,-72,31
2022-09-23 14:37:32.246,C45BBE39F42A,-67,31
2022-09-23 14:37:31.326,A8032A31204E,-70,31
2022-09-23 14:37:23.562,A8032A31204E,-67,31
2022-09-23 14:37:22.517,C45BBE39F42A,-62,31
2022-09-23 14:37:13.871,A8032A31204E,-67,31
2022-09-23 14:37:12.803,C45BBE39F42A,-68,31
2022-09-23 14:37:03.080,C45BBE39F42A,-68,31
2022-09-23 14:37:00.228,A8032A31204E,-69,31
2022-09-23 14:36:53.363,C45BBE39F42A,-71,31
2022-09-23 14:36:52.494,A8032A31204E,-65,31
2022-09-23 14:36:43.620,C45BBE39F42A,-63,31
2022-09-23 14:36:42.746,A8032A31204E,-70,31
2022-09-23 14:36:39.988,C45BBE39F9AE,-80,31
2022-09-23 14:36:32.991,A8032A31204E,-49,31
2022-09-23 14:36:31.957,C45BBE39F42A,-77,31
2022-09-23 14:36:22.024,C45BBE39F42A,-60,31
2022-09-23 14:36:21.169,A8032A31204E,-50,31
2022-09-23 14:36:18.404,C45BBE39F9AE,-78,31
2022-09-23 14:36:13.310,A8032A31204E,-56,31
2022-09-23 14:36:12.247,C45BBE39F42A,-67,31
2022-09-23 14:36:06.729,C45BBE39F9AE,-73,31
2022-09-23 14:36:03.612,A8032A31204E,-52,31
2022-09-23 14:36:02.593,C45BBE39F42A,-78,31
2022-09-23 14:36:00.987,C45BBE39F9AE,-80,31
2022-09-23 14:35:53.107,C45BBE39F9AE,-79,31
2022-09-23 14:35:52.823,C45BBE39F42A,-73,31
2022-09-23 14:35:51.947,A8032A31204E,-60,31
2022-09-23 14:35:43.052,C45BBE39F42A,-75,31
2022-09-23 14:35:42.234,A8032A31204E,-64,31
2022-09-23 14:35:39.512,C45BBE39F9AE,-72,31
2022-09-23 14:35:33.255,C45BBE39F42A,-57,31
2022-09-23 14:35:32.503,A8032A31204E,-68,31
2022-09-23 14:35:22.748,A8032A31204E,-61,31
2022-09-23 14:35:21.582,C45BBE39F42A,-70,31
2022-09-23 14:35:14.506,C45BBE37B346,-79,31
2022-09-23 14:35:13.815,C45BBE39F42A,-59,31
2022-09-23 14:35:13.018,A8032A31204E,-68,31
2022-09-23 14:35:05.948,C45BBE386952,-80,31
2022-09-23 14:35:04.797,C45BBE37B346,-80,31
2022-09-23 14:35:03.277,A8032A31204E,-79,31
2022-09-23 14:35:02.169,C45BBE39F42A,-68,31
2022-09-23 14:34:57.036,C45BBE37B346,-78,31
2022-09-23 14:34:53.539,A8032A31204E,-65,31
2022-09-23 14:34:52.476,C45BBE39F42A,-70,31
2022-09-23 14:34:43.756,A8032A31204E,-63,31
2022-09-23 14:34:42.693,C45BBE39F42A,-64,31
2022-09-23 14:34:32.958,C45BBE39F42A,-80,31
2022-09-23 14:34:32.071,A8032A31204E,-69,31
2022-09-23 14:34:25.857,C45BBE37B346,-80,31
2022-09-23 14:34:23.198,C45BBE39F42A,-64,31
2022-09-23 14:34:22.323,A8032A31204E,-79,31
2022-09-23 14:34:20.040,C45BBE37B346,-80,31
2022-09-23 14:34:13.496,C45BBE39F42A,-69,31
2022-09-23 14:34:10.560,A8032A31204E,-69,31
2022-09-23 14:34:10.344,C45BBE37B346,-73,31
2022-09-23 14:34:03.757,C45BBE39F42A,-61,31
2022-09-23 14:34:02.778,A8032A31204E,-58,31
2022-09-23 14:33:52.097,C45BBE39F42A,-60,31
2022-09-23 14:33:51.086,A8032A31204E,-52,31
2022-09-23 14:33:42.382,C45BBE39F42A,-76,31
2022-09-23 14:33:41.374,A8032A31204E,-57,31
2022-09-23 14:33:32.710,C45BBE39F42A,-64,31
2022-09-23 14:33:31.660,A8032A31204E,-74,31
2022-09-23 14:33:21.892,A8032A31204E,-64,31
2022-09-23 14:33:20.964,C45BBE39F42A,-78,31
2022-09-23 14:33:13.205,C45BBE39F42A,-75,31
2022-09-23 14:33:11.968,A8032A31204E,-62,31
2022-09-23 14:33:03.454,C45BBE39F42A,-74,31
2022-09-23 14:33:02.246,A8032A31204E,-65,31
2022-11-18 10:22:48.558,A8032A31204E,-66,32
2022-11-18 10:22:40.927,A8032A31204E,-67,32
2022-11-18 10:22:31.330,A8032A31204E,-67,32
2022-11-18 10:22:21.745,A8032A31204E,-64,32
2022-11-18 10:22:12.148,A8032A31204E,-62,32
2022-11-18 10:21:58.798,A8032A31204E,-75,32
2022-11-18 10:21:51.154,A8032A31204E,-59,32
2022-11-18 10:21:41.585,A8032A31204E,-68,32
2022-11-18 10:21:32.027,A8032A31204E,-60,32
2022-11-18 10:21:20.576,A8032A31204E,-61,32
2022-11-18 10:21:11.038,A8032A31204E,-65,32
2022-11-18 10:21:01.260,A8032A31204E,-62,32
2022-11-18 10:20:51.687,A8032A31204E,-63,32
2022-11-18 10:20:42.170,A8032A31204E,-63,32
2022-11-18 10:20:30.540,A8032A31204E,-61,32
2022-11-18 10:20:20.981,A8032A31204E,-65,32
2022-11-18 10:20:11.284,A8032A31204E,-70,32
2022-11-18 10:20:01.664,A8032A31204E,-72,32
2022-11-25 09:43:59.432,A8032A31204E,-61,33
2022-11-25 09:43:49.628,A8032A31204E,-61,33
2022-11-25 09:43:35.847,A8032A31204E,-71,33
2022-11-25 09:43:28.026,A8032A31204E,-65,33
2022-11-25 09:43:20.193,A8032A31204E,-64,33
2022-11-25 09:43:10.299,A8032A31204E,-58,33
2022-11-25 09:43:00.488,A8032A31204E,-73,33
2022-11-25 09:42:50.730,A8032A31204E,-64,33
2022-11-25 09:42:37.056,A8032A31204E,-60,33
2022-11-25 09:42:29.219,A8032A31204E,-65,33
2022-11-25 09:42:19.329,A8032A31204E,-67,33
2022-11-25 09:42:09.508,A8032A31204E,-69,33
2022-11-25 09:41:59.729,A8032A31204E,-60,33
2022-11-25 09:41:49.851,A8032A31204E,-66,33
2022-11-25 09:41:37.992,A8032A31204E,-75,33
2022-11-25 09:41:30.239,A8032A31204E,-70,33
2022-11-25 09:41:18.358,A8032A31204E,-72,33
2022-11-25 09:41:08.577,A8032A31204E,-65,33
2022-11-25 09:40:58.840,A8032A31204E,-69,33
2022-11-25 09:40:47.149,A8032A31204E,-72,33
2022-11-25 09:40:39.266,A8032A31204E,-71,33
2022-11-25 09:40:29.431,A8032A31204E,-76,33
2022-11-25 09:40:19.638,A8032A31204E,-69,33
2022-11-25 09:40:07.874,A8032A31204E,-69,33
2022-11-25 09:40:00.095,A8032A31204E,-70,33
2022-11-18 10:26:50.523,A8032A31204E,-76,34
2022-11-18 10:26:47.288,C45BBE386952,-80,34
2022-11-18 10:26:31.228,A8032A31204E,-77,34
2022-11-18 10:26:12.125,A8032A31204E,-78,34
2022-11-18 10:26:00.620,A8032A31204E,-78,34
2022-11-18 10:25:51.059,A8032A31204E,-79,34
2022-11-18 10:25:39.535,A8032A31204E,-79,34
2022-11-18 10:25:31.903,A8032A31204E,-77,34
2022-11-18 10:25:20.464,A8032A31204E,-72,34
2022-11-18 10:25:03.160,A8032A31204E,-80,34
2022-11-18 10:24:59.250,A8032A31204E,-75,34
2022-11-18 10:24:40.093,A8032A31204E,-74,34
2022-11-18 10:24:22.922,A8032A31204E,-79,34
2022-11-18 10:24:19.105,A8032A31204E,-80,34
2022-11-18 10:24:11.348,A8032A31204E,-69,34
2022-11-18 10:24:05.983,C45BBE37B346,-80,34
2022-11-18 10:24:05.877,C45BBE39F56A,-80,34
2022-11-18 10:24:01.821,A8032A31204E,-64,34
2022-11-18 13:08:51.501,A8032A31204E,-67,35
2022-11-18 13:08:41.856,A8032A31204E,-78,35
2022-11-18 13:08:32.246,A8032A31204E,-78,35
2022-11-18 13:08:22.647,A8032A31204E,-68,35
2022-11-18 13:08:13.109,A8032A31204E,-72,35
2022-11-18 13:08:01.587,A8032A31204E,-71,35
2022-11-18 13:07:52.065,A8032A31204E,-74,35
2022-11-18 13:07:40.562,A8032A31204E,-78,35
2022-11-18 13:07:33.005,A8032A31204E,-80,35
2022-11-18 13:07:23.424,A8032A31204E,-68,35
2022-11-18 13:07:11.903,A8032A31204E,-74,35
2022-11-18 13:07:02.877,A8032A31204E,-77,35
2022-11-18 13:06:52.633,A8032A31204E,-74,35
2022-11-18 13:06:40.964,A8032A31204E,-69,35
2022-11-18 13:06:33.311,A8032A31204E,-71,35
2022-11-18 13:06:19.963,A8032A31204E,-75,35
2022-11-18 13:06:04.607,A8032A31204E,-71,35
2022-11-18 13:06:02.710,A8032A31204E,-71,35
2022-11-18 10:30:58.927,A8032A31204E,-80,36
2022-11-18 10:30:51.163,A8032A31204E,-79,36
2022-11-18 10:30:43.123,C45BBE37B346,-80,36
2022-11-18 10:30:37.675,A8032A31204E,-78,36
2022-11-18 10:30:12.698,A8032A31204E,-74,36
2022-11-18 10:30:10.814,A8032A31204E,-75,36
2022-11-18 10:29:55.507,A8032A31204E,-78,36
2022-11-18 10:29:49.705,A8032A31204E,-79,36
2022-11-18 10:29:40.122,A8032A31204E,-80,36
2022-11-18 10:29:09.391,A8032A31204E,-74,36
2022-11-18 10:29:01.530,A8032A31204E,-73,36
2022-11-18 10:28:49.971,A8032A31204E,-73,36
2022-11-18 10:28:40.383,A8032A31204E,-73,36
2022-11-18 10:28:09.719,A8032A31204E,-77,36
2022-09-23 14:41:55.000,A8032A31204E,-77,37
2022-09-23 14:41:53.271,C45BBE39F42A,-62,37
2022-09-23 14:41:53.006,A8032A31204E,-77,37
2022-09-23 14:41:43.554,C45BBE39F42A,-77,37
2022-09-23 14:41:39.367,A8032A31204E,-80,37
2022-09-23 14:41:33.835,C45BBE39F42A,-64,37
2022-09-23 14:41:33.524,A8032A31204E,-79,37
2022-09-23 14:41:22.269,C45BBE39F42A,-72,37
2022-09-23 14:41:21.815,A8032A31204E,-79,37
2022-09-23 14:41:12.038,A8032A31204E,-80,37
2022-09-23 14:41:10.467,C45BBE39F42A,-63,37
2022-09-23 14:41:02.677,C45BBE39F42A,-63,37
2022-09-23 14:40:58.418,A8032A31204E,-80,37
2022-09-23 14:40:52.948,C45BBE39F42A,-64,37
2022-09-23 14:40:52.566,A8032A31204E,-79,37
2022-09-23 14:40:43.222,C45BBE39F42A,-71,37
2022-09-23 14:40:42.797,A8032A31204E,-77,37
2022-09-23 14:40:33.506,C45BBE39F42A,-63,37
2022-09-23 14:40:27.101,A8032A31204E,-80,37
2022-09-23 14:40:23.732,C45BBE39F42A,-77,37
2022-09-23 14:40:19.160,A8032A31204E,-80,37
2022-09-23 14:40:10.108,C45BBE39F42A,-69,37
2022-09-23 14:40:09.354,A8032A31204E,-72,37
2022-09-23 14:40:02.353,C45BBE39F42A,-60,37
2022-11-18 10:34:55.385,A8032A31204E,-80,38
2022-11-18 10:33:04.067,C45BBE386952,-80,38
2022-11-18 10:33:03.577,A8032A31204E,-80,38
2022-11-18 10:32:58.250,C45BBE386952,-74,38
2022-11-18 10:32:57.311,C45BBE37B346,-79,38
2022-11-18 10:32:56.794,C45BBE39F56A,-74,38
2022-11-18 10:32:42.715,C45BBE386952,-77,38
2022-11-18 10:32:41.136,C45BBE39F56A,-79,38
2022-11-18 10:32:38.831,C45BBE386952,-78,38
2022-11-18 10:32:36.790,A8032A31204E,-79,38
2022-11-18 10:32:29.494,C45BBE39F56A,-76,38
2022-11-18 10:32:21.671,C45BBE39F56A,-75,38
2022-11-18 10:38:55.930,A8032A31204E,-75,39
2022-11-18 10:38:52.094,A8032A31204E,-77,39
2022-11-18 10:38:36.812,A8032A31204E,-80,39
2022-11-18 10:38:27.278,A8032A31204E,-79,39
2022-11-18 10:38:21.526,A8032A31204E,-80,39
2022-11-18 10:38:11.904,A8032A31204E,-78,39
2022-11-18 10:38:02.250,A8032A31204E,-76,39
2022-11-18 10:37:50.507,A8032A31204E,-77,39
2022-11-18 10:37:38.949,A8032A31204E,-79,39
2022-11-18 10:37:26.520,A8032A31204E,-80,39
2022-11-18 10:37:20.716,A8032A31204E,-73,39
2022-11-18 10:37:11.041,A8032A31204E,-75,39
2022-11-18 10:37:01.359,A8032A31204E,-76,39
2022-11-18 10:36:49.861,A8032A31204E,-77,39
2022-11-18 10:36:42.302,A8032A31204E,-75,39
2022-11-18 10:36:30.580,A8032A31204E,-70,39
2022-11-18 10:36:17.107,A8032A31204E,-79,39
2022-11-18 10:36:07.494,A8032A31204E,-79,39
2022-11-18 10:36:01.676,A8032A31204E,-80,39
2022-09-23 14:43:51.957,C45BBE39F42A,-72,40
2022-09-23 14:43:42.265,C45BBE39F42A,-71,40
2022-09-23 14:43:32.490,C45BBE39F42A,-71,40
2022-09-23 14:43:20.831,C45BBE39F42A,-80,40
2022-09-23 14:43:13.045,C45BBE39F42A,-71,40
2022-09-23 14:42:59.397,C45BBE39F42A,-71,40
2022-09-23 14:42:53.583,C45BBE39F42A,-71,40
2022-09-23 14:42:41.914,C45BBE39F42A,-72,40
2022-09-23 14:42:32.175,C45BBE39F42A,-72,40
2022-09-23 14:42:22.458,C45BBE39F42A,-72,40
2022-09-23 14:42:12.724,C45BBE39F42A,-69,40
2022-09-23 14:42:12.577,A8032A31204E,-80,40
2022-09-23 14:42:03.021,C45BBE39F42A,-62,40
2022-11-18 10:42:55.214,A8032A31204E,-76,41
2022-11-18 10:42:49.509,A8032A31204E,-80,41
2022-11-18 10:42:41.859,A8032A31204E,-80,41
2022-11-18 10:42:28.470,A8032A31204E,-80,41
2022-11-18 10:42:16.951,A8032A31204E,-79,41
2022-11-18 10:42:09.323,A8032A31204E,-80,41
2022-11-18 10:41:40.581,A8032A31204E,-79,41
2022-11-18 10:41:23.323,A8032A31204E,-78,41
2022-11-18 10:41:15.647,A8032A31204E,-79,41
2022-11-18 10:41:02.238,A8032A31204E,-79,41
2022-11-18 10:40:56.501,A8032A31204E,-77,41
2022-11-18 10:40:48.876,A8032A31204E,-80,41
2022-11-18 10:40:37.356,A8032A31204E,-80,41
2022-11-18 10:40:27.807,A8032A31204E,-75,41
2022-11-18 10:40:20.196,A8032A31204E,-80,41
2022-11-18 10:40:08.660,A8032A31204E,-77,41
2022-11-18 10:45:33.536,C45BBE39F56A,-80,42
2022-11-18 10:45:30.827,C45BBE37B346,-80,42
2022-11-18 10:45:21.501,C45BBE39F56A,-80,42
2022-11-18 10:45:21.279,C45BBE37B346,-80,42
2022-11-18 10:45:11.559,C45BBE37B346,-80,42
2022-11-18 10:45:09.889,C45BBE39F56A,-80,42
2022-11-18 10:44:59.578,C45BBE37B346,-80,42
2022-11-18 10:44:51.907,C45BBE37B346,-80,42
2022-11-18 10:44:41.955,C45BBE39F56A,-80,42
2022-11-18 10:44:40.429,C45BBE37B346,-80,42
2022-11-18 10:44:28.971,C45BBE37B346,-79,42
2022-11-18 10:44:21.248,C45BBE37B346,-79,42
2022-11-18 10:44:16.025,C45BBE386952,-78,42
2022-11-18 10:44:14.715,C45BBE39F56A,-80,42
2022-11-18 10:44:09.809,C45BBE37B346,-80,42
2022-11-18 14:40:46.366,A8032A31204E,-78,43
2022-11-18 14:40:40.626,A8032A31204E,-77,43
2022-11-18 14:40:27.125,A8032A31204E,-79,43
2022-11-18 14:40:13.564,A8032A31204E,-74,43
2022-11-18 14:39:56.206,A8032A31204E,-74,43
2022-11-18 14:39:52.520,A8032A31204E,-73,43
2022-11-18 14:39:42.702,A8032A31204E,-72,43
2022-11-18 14:39:33.258,A8032A31204E,-75,43
2022-11-18 14:39:17.700,A8032A31204E,-78,43
2022-11-18 14:38:06.770,A8032A31204E,-80,43
2022-11-18 14:37:39.987,A8032A31204E,-77,43
2022-11-18 14:37:22.622,A8032A31204E,-77,43
2022-11-18 14:37:11.175,A8032A31204E,-80,43
2022-11-18 13:12:50.248,A8032A31204E,-78,44
2022-11-18 13:12:42.694,A8032A31204E,-78,44
2022-11-18 13:12:29.197,A8032A31204E,-80,44
2022-11-18 13:12:23.475,A8032A31204E,-77,44
2022-11-18 13:12:07.962,A8032A31204E,-78,44
2022-11-18 13:12:02.179,A8032A31204E,-79,44
2022-11-18 13:11:53.523,A8032A31204E,-80,44
2022-11-18 13:11:40.159,A8032A31204E,-76,44
2022-11-18 13:11:32.644,A8032A31204E,-80,44
2022-11-18 13:11:23.135,A8032A31204E,-78,44
2022-11-18 13:11:13.308,A8032A31204E,-79,44
2022-11-18 13:11:01.923,A8032A31204E,-78,44
2022-11-18 13:10:38.698,A8032A31204E,-80,44
2022-11-18 13:10:27.196,A8032A31204E,-79,44
2022-11-18 13:10:17.655,A8032A31204E,-78,44
2022-11-18 13:10:11.978,A8032A31204E,-80,44
2022-11-25 11:13:59.161,A8032A31204E,-73,45
2022-11-25 11:13:49.312,A8032A31204E,-78,45
2022-11-25 11:13:39.587,A8032A31204E,-79,45
2022-11-25 11:13:27.867,A8032A31204E,-75,45
2022-11-25 11:13:20.031,A8032A31204E,-73,45
2022-11-25 11:13:06.418,A8032A31204E,-78,45
2022-11-25 11:12:52.758,A8032A31204E,-78,45
2022-11-25 11:12:51.760,C45BBE39F56A,-80,45
2022-11-25 11:12:49.808,C45BBE39F56A,-80,45
2022-11-25 11:12:44.906,A8032A31204E,-80,45
2022-11-25 11:12:37.130,A8032A31204E,-76,45
2022-11-25 11:11:29.564,C45BBE39F56A,-80,45
2022-11-25 11:11:24.621,A8032A31204E,-77,45
2022-11-25 11:11:16.784,A8032A31204E,-78,45
2022-11-25 11:11:08.932,A8032A31204E,-74,45
2022-11-18 14:35:55.748,A8032A31204E,-79,46
2022-11-18 14:35:20.192,A8032A31204E,-80,46
2022-11-18 14:35:12.536,A8032A31204E,-79,46
2022-11-18 14:34:11.263,A8032A31204E,-80,46
2022-11-18 14:33:54.028,A8032A31204E,-80,46
2022-11-18 14:33:15.660,A8032A31204E,-80,46
2022-11-18 14:32:23.976,A8032A31204E,-80,46
2022-11-18 14:32:16.338,A8032A31204E,-79,46
2022-11-18 14:32:12.374,A8032A31204E,-80,46
2022-11-18 14:32:02.814,A8032A31204E,-80,46
2022-11-25 11:27:54.125,A8032A31204E,-80,47
2022-11-25 11:27:43.248,C45BBE37B346,-78,47
2022-11-25 11:27:43.216,C45BBE386952,-79,47
2022-11-25 11:27:39.292,C45BBE386952,-80,47
2022-11-25 11:27:39.223,C45BBE39F56A,-78,47
2022-11-25 11:27:34.652,A8032A31204E,-80,47
2022-11-25 11:27:33.056,C45BBE37B346,-79,47
2022-11-25 11:27:29.575,C45BBE386952,-80,47
2022-11-25 11:27:19.886,C45BBE386952,-80,47
2022-11-25 11:27:19.572,C45BBE37B346,-78,47
2022-11-25 11:27:11.299,A8032A31204E,-80,47
2022-11-25 11:27:10.129,C45BBE386952,-80,47
2022-11-25 11:27:04.162,C45BBE39F56A,-80,47
2022-11-25 11:27:02.151,C45BBE37B346,-78,47
2022-11-25 11:27:00.300,C45BBE37B346,-77,47
2022-11-25 11:26:48.723,C45BBE37B346,-79,47
2022-11-25 11:26:48.096,C45BBE39F56A,-80,47
2022-11-25 11:26:42.742,C45BBE386952,-80,47
2022-11-25 11:26:23.316,C45BBE37B346,-79,47
2022-11-25 11:26:19.451,C45BBE37B346,-80,47
2022-11-25 11:26:09.879,C45BBE37B346,-77,47
2022-11-25 11:26:07.006,C45BBE39F56A,-79,47
2022-11-25 11:26:03.762,C45BBE386952,-80,47
2022-11-25 11:26:00.366,C45BBE37B346,-79,47
2022-11-25 11:25:59.207,C45BBE39F56A,-80,47
2022-11-25 11:25:56.832,A8032A31204E,-79,47
2022-11-25 11:25:49.495,C45BBE39F56A,-80,47
2022-11-25 11:25:48.744,C45BBE37B346,-80,47
2022-11-25 11:25:44.503,C45BBE386952,-77,47
2022-11-25 11:25:41.253,A8032A31204E,-79,47
2022-11-25 11:25:40.646,C45BBE386952,-80,47
2022-11-25 11:25:39.752,C45BBE39F56A,-75,47
2022-11-25 11:25:38.974,C45BBE37B346,-77,47
2022-11-25 11:25:37.238,A8032A31204E,-80,47
2022-11-25 11:25:29.286,C45BBE37B346,-78,47
2022-11-25 11:25:28.112,C45BBE39F56A,-77,47
2022-11-25 11:25:27.457,A8032A31204E,-80,47
2022-11-25 11:25:27.160,C45BBE386952,-80,47
2022-11-25 11:25:19.714,C45BBE37B346,-77,47
2022-11-25 11:25:19.571,A8032A31204E,-79,47
2022-11-25 11:25:16.309,C45BBE39F56A,-80,47
2022-11-25 11:24:04.662,C45BBE37B346,-79,48
2022-11-25 11:23:57.486,A8032A31204E,-79,48
2022-11-25 11:23:55.027,C45BBE37B346,-80,48
2022-11-25 11:23:46.205,C45BBE39F56A,-80,48
2022-11-25 11:23:38.449,C45BBE39F56A,-79,48
2022-11-25 11:23:31.843,C45BBE37B346,-80,48
2022-11-25 11:23:30.626,C45BBE39F56A,-80,48
2022-11-25 11:23:28.009,C45BBE37B346,-80,48
2022-11-25 11:23:05.022,C45BBE37B346,-76,48
2022-11-25 11:22:51.503,C45BBE37B346,-80,48
2022-11-25 11:22:38.026,C45BBE39F56A,-79,48
2022-11-25 11:22:36.108,C45BBE37B346,-80,48
2022-11-25 11:22:30.212,C45BBE39F56A,-79,48
2022-11-25 11:22:28.419,C45BBE37B346,-80,48
2022-11-25 11:22:20.614,C45BBE37B346,-80,48
2022-11-25 11:22:20.502,C45BBE39F56A,-80,48
2022-11-25 11:22:07.105,C45BBE37B346,-79,48
2022-09-23 14:49:58.845,C45BBE37B346,-79,49
2022-09-23 14:49:51.999,C45BBE39F56A,-80,49
2022-09-23 14:49:43.284,C45BBE37B346,-78,49
2022-09-23 14:49:33.509,C45BBE37B346,-77,49
2022-09-23 14:49:04.382,C45BBE37B346,-78,49
2022-09-23 14:48:56.570,C45BBE37B346,-79,49
2022-09-23 14:48:52.681,C45BBE37B346,-78,49
2022-09-23 14:48:41.021,C45BBE37B346,-79,49
2022-09-23 14:48:27.431,C45BBE37B346,-78,49
2022-09-23 14:48:23.500,C45BBE37B346,-78,49
2022-09-23 14:48:11.821,C45BBE37B346,-79,49
2022-11-25 11:20:59.950,C45BBE39F56A,-75,50
2022-11-25 11:20:59.074,C45BBE386952,-79,50
2022-11-25 11:20:52.086,C45BBE37B346,-79,50
2022-11-25 11:20:50.145,C45BBE37B346,-77,50
2022-11-25 11:20:50.068,C45BBE39F56A,-79,50
2022-11-25 11:20:49.122,C45BBE386952,-75,50
2022-11-25 11:20:40.061,C45BBE39F56A,-78,50
2022-11-25 11:20:39.484,C45BBE386952,-77,50
2022-11-25 11:20:38.601,C45BBE37B346,-79,50
2022-11-25 11:20:30.217,C45BBE39F56A,-72,50
2022-11-25 11:20:29.824,C45BBE386952,-79,50
2022-11-25 11:20:28.926,C45BBE37B346,-72,50
2022-11-25 11:20:19.363,C45BBE37B346,-76,50
2022-11-25 11:20:18.491,C45BBE39F56A,-74,50
2022-11-25 11:20:14.433,C45BBE386952,-79,50
2022-11-25 11:20:10.575,C45BBE386952,-80,50
2022-11-25 11:20:09.775,C45BBE37B346,-74,50
2022-11-25 11:20:08.694,C45BBE39F56A,-76,50
2022-11-25 11:20:00.820,C45BBE39F56A,-75,50
2022-11-25 11:20:00.118,C45BBE37B346,-71,50
2022-11-25 11:19:58.920,C45BBE386952,-74,50
2022-11-25 11:19:50.447,C45BBE37B346,-77,50
2022-11-25 11:19:49.276,C45BBE386952,-77,50
2022-11-25 11:19:49.130,C45BBE39F56A,-78,50
2022-11-25 11:19:40.819,C45BBE37B346,-73,50
2022-11-25 11:19:39.677,C45BBE386952,-75,50
2022-11-25 11:19:39.405,C45BBE39F56A,-76,50
2022-11-25 11:19:30.123,C45BBE386952,-77,50
2022-11-25 11:19:29.535,C45BBE39F56A,-75,50
2022-11-25 11:19:29.167,C45BBE37B346,-71,50
2022-11-25 11:19:20.283,C45BBE386952,-79,50
2022-11-25 11:19:19.796,C45BBE39F56A,-76,50
2022-11-25 11:19:17.434,C45BBE37B346,-69,50
2022-11-25 11:19:10.624,C45BBE386952,-76,50
2022-11-25 11:19:09.783,C45BBE37B346,-77,50
2022-11-25 11:19:08.079,C45BBE39F56A,-73,50
2022-11-25 11:19:00.309,C45BBE39F56A,-73,50
2022-11-25 11:19:00.137,C45BBE37B346,-78,50
2022-11-25 11:17:59.812,C45BBE39F56A,-75,51
2022-11-25 11:17:59.277,C45BBE386952,-73,51
2022-11-25 11:17:50.057,C45BBE39F56A,-76,51
2022-11-25 11:17:49.175,C45BBE37B346,-59,51
2022-11-25 11:17:47.616,C45BBE386952,-76,51
2022-11-25 11:17:40.246,C45BBE39F56A,-74,51
2022-11-25 11:17:39.922,C45BBE386952,-78,51
2022-11-25 11:17:39.624,C45BBE37B346,-58,51
2022-11-25 11:17:30.509,C45BBE39F56A,-73,51
2022-11-25 11:17:30.342,C45BBE386952,-75,51
2022-11-25 11:17:29.973,C45BBE37B346,-58,51
2022-11-25 11:17:20.790,C45BBE39F56A,-77,51
2022-11-25 11:17:20.689,C45BBE386952,-77,51
2022-11-25 11:17:20.382,C45BBE37B346,-59,51
2022-11-25 11:17:10.799,C45BBE37B346,-58,51
2022-11-25 11:17:09.134,C45BBE39F56A,-76,51
2022-11-25 11:17:09.123,C45BBE386952,-78,51
2022-11-25 11:16:59.489,C45BBE386952,-79,51
2022-11-25 11:16:59.375,C45BBE39F56A,-76,51
2022-11-25 11:16:59.352,C45BBE37B346,-58,51
2022-11-25 11:16:49.755,C45BBE37B346,-57,51
2022-11-25 11:16:49.613,C45BBE39F56A,-75,51
2022-11-25 11:16:45.426,C45BBE386952,-78,51
2022-11-25 11:16:39.921,C45BBE39F56A,-75,51
2022-11-25 11:16:39.664,C45BBE386952,-77,51
2022-11-25 11:16:38.255,C45BBE37B346,-58,51
2022-11-25 11:16:30.602,C45BBE37B346,-60,51
2022-11-25 11:16:30.205,C45BBE39F56A,-74,51
2022-11-25 11:16:30.059,C45BBE386952,-76,51
2022-11-25 11:16:20.474,C45BBE386952,-73,51
2022-11-25 11:16:20.277,C45BBE39F56A,-78,51
2022-11-25 11:16:19.092,C45BBE37B346,-58,51
2022-11-25 11:16:10.852,C45BBE386952,-75,51
2022-11-25 11:16:09.535,C45BBE37B346,-60,51
2022-11-25 11:16:08.591,C45BBE39F56A,-71,51
2022-11-25 11:16:00.804,C45BBE39F56A,-69,51
2022-11-25 11:15:59.914,C45BBE37B346,-59,51
2022-11-25 11:15:59.351,C45BBE386952,-77,51
2022-11-25 11:15:50.371,C45BBE37B346,-59,51
2022-11-25 11:15:49.808,C45BBE386952,-76,51
2022-11-25 11:15:49.097,C45BBE39F56A,-68,51
2022-11-25 11:15:40.754,C45BBE37B346,-58,51
2022-11-25 11:15:40.154,C45BBE386952,-74,51
2022-11-25 11:15:39.380,C45BBE39F56A,-67,51
2022-11-25 11:15:30.551,C45BBE386952,-73,51
2022-11-25 11:15:29.694,C45BBE39F56A,-70,51
2022-11-25 11:15:29.194,C45BBE37B346,-59,51
2022-11-25 11:15:20.853,C45BBE386952,-74,51
2022-11-25 11:15:19.937,C45BBE39F56A,-67,51
2022-11-25 11:15:19.626,C45BBE37B346,-60,51
2022-11-25 11:15:10.219,C45BBE39F56A,-65,51
2022-11-25 11:15:09.946,C45BBE37B346,-61,51
2022-11-25 11:15:09.312,C45BBE386952,-73,51
2022-11-25 11:15:00.477,C45BBE39F56A,-64,51
2022-11-25 11:15:00.398,C45BBE37B346,-59,51
2022-11-18 09:20:50.806,C45BBE37B346,-71,52
2022-11-18 09:20:50.537,C45BBE39F56A,-79,52
2022-11-18 09:20:41.208,C45BBE37B346,-72,52
2022-11-18 09:20:40.538,C45BBE39F56A,-72,52
2022-11-18 09:20:39.446,C45BBE386952,-71,52
2022-11-18 09:20:31.639,C45BBE37B346,-61,52
2022-11-18 09:20:28.835,C45BBE39F56A,-75,52
2022-11-18 09:20:25.763,C45BBE386952,-76,52
2022-11-18 09:20:22.064,C45BBE37B346,-61,52
2022-11-18 09:20:20.907,C45BBE39F56A,-77,52
2022-11-18 09:20:10.591,C45BBE37B346,-59,52
2022-11-18 09:20:09.145,C45BBE39F56A,-78,52
2022-11-18 09:20:01.058,C45BBE37B346,-61,52
2022-11-18 09:19:53.267,C45BBE39F56A,-74,52
2022-11-18 09:19:49.306,C45BBE37B346,-63,52
2022-11-18 09:19:41.306,C45BBE37B346,-60,52
2022-11-18 09:19:39.494,C45BBE39F56A,-74,52
2022-11-18 09:19:31.806,C45BBE37B346,-62,52
2022-11-18 09:19:31.779,C45BBE39F56A,-71,52
2022-11-18 09:19:21.965,C45BBE39F56A,-71,52
2022-11-18 09:19:20.301,C45BBE37B346,-63,52
2022-11-18 09:19:12.023,C45BBE39F56A,-72,52
2022-11-18 09:19:10.658,C45BBE37B346,-62,52
2022-11-18 09:19:00.955,C45BBE37B346,-61,52
2022-11-18 09:19:00.372,C45BBE39F56A,-71,52
2022-11-18 09:24:58.605,C45BBE386952,-80,53
2022-11-18 09:24:51.235,C45BBE39F56A,-58,53
2022-11-18 09:24:50.824,C45BBE386952,-76,53
2022-11-18 09:24:50.439,C45BBE37B346,-71,53
2022-11-18 09:24:40.873,C45BBE37B346,-69,53
2022-11-18 09:24:39.291,C45BBE39F56A,-80,53
2022-11-18 09:24:39.033,C45BBE386952,-79,53
2022-11-18 09:24:31.399,C45BBE39F56A,-78,53
2022-11-18 09:24:31.087,C45BBE37B346,-75,53
2022-11-18 09:24:23.448,C45BBE386952,-78,53
2022-11-18 09:24:19.628,C45BBE37B346,-80,53
2022-11-18 09:24:17.774,C45BBE39F56A,-60,53
2022-11-18 09:24:17.642,C45BBE386952,-80,53
2022-11-18 09:24:12.083,C45BBE39F56A,-66,53
2022-11-18 09:24:12.071,C45BBE37B346,-61,53
2022-11-18 09:24:11.865,C45BBE386952,-69,53
2022-11-18 09:24:00.462,C45BBE39F56A,-57,53
2022-11-18 09:23:56.705,C45BBE37B346,-64,53
2022-11-18 09:23:53.177,C45BBE386952,-72,53
2022-11-18 09:23:50.922,C45BBE37B346,-67,53
2022-11-18 09:23:48.799,C45BBE39F56A,-74,53
2022-11-18 09:23:45.377,C45BBE386952,-78,53
2022-11-18 09:23:41.449,C45BBE37B346,-67,53
2022-11-18 09:23:41.404,C45BBE386952,-72,53
2022-11-18 09:23:40.982,C45BBE39F56A,-56,53
2022-11-18 09:23:31.851,C45BBE37B346,-75,53
2022-11-18 09:23:31.595,C45BBE386952,-66,53
2022-11-18 09:23:31.257,C45BBE39F56A,-69,53
2022-11-18 09:23:21.526,C45BBE39F56A,-75,53
2022-11-18 09:23:20.353,C45BBE37B346,-68,53
2022-11-18 09:23:13.197,C45BBE386952,-80,53
2022-11-18 09:23:08.879,C45BBE37B346,-71,53
2022-11-18 09:23:03.861,C45BBE39F56A,-78,53
2022-11-18 09:23:01.226,C45BBE37B346,-69,53
2022-11-18 09:22:51.576,C45BBE37B346,-72,53
2022-11-18 09:22:42.086,C45BBE386952,-80,53
2022-11-18 09:22:41.964,C45BBE37B346,-76,53
2022-11-18 09:22:28.533,C45BBE37B346,-69,53
2022-11-18 09:22:20.808,C45BBE37B346,-67,53
2022-11-18 09:22:14.687,C45BBE39F56A,-79,53
2022-11-18 09:22:11.311,C45BBE37B346,-77,53
2022-11-18 09:22:01.754,C45BBE37B346,-76,53
2022-11-18 09:22:01.040,C45BBE39F56A,-80,53
2022-09-23 14:51:53.828,C45BBE37B346,-76,54
2022-09-23 14:51:52.734,C45BBE39F56A,-77,54
2022-09-23 14:51:43.002,C45BBE39F56A,-79,54
2022-09-23 14:51:42.163,C45BBE37B346,-73,54
2022-09-23 14:51:33.260,C45BBE39F56A,-76,54
2022-09-23 14:51:30.485,C45BBE37B346,-72,54
2022-09-23 14:51:23.581,C45BBE39F56A,-70,54
2022-09-23 14:51:20.649,C45BBE37B346,-71,54
2022-09-23 14:51:13.837,C45BBE39F56A,-76,54
2022-09-23 14:51:12.903,C45BBE37B346,-71,54
2022-09-23 14:51:03.176,C45BBE37B346,-73,54
2022-09-23 14:51:02.073,C45BBE39F56A,-73,54
2022-09-23 14:50:53.425,C45BBE37B346,-71,54
2022-09-23 14:50:50.415,C45BBE39F56A,-75,54
2022-09-23 14:50:43.688,C45BBE37B346,-72,54
2022-09-23 14:50:42.607,C45BBE39F56A,-77,54
2022-09-23 14:50:32.868,C45BBE39F56A,-72,54
2022-09-23 14:50:31.965,C45BBE37B346,-74,54
2022-09-23 14:50:23.139,C45BBE39F56A,-74,54
2022-09-23 14:50:22.179,C45BBE37B346,-80,54
2022-09-23 14:50:13.440,C45BBE39F56A,-80,54
2022-09-23 14:50:12.460,C45BBE37B346,-80,54
2022-09-23 14:50:11.085,C45BBE39F42A,-80,54
2022-09-23 14:50:09.608,C45BBE386952,-72,54
2022-11-18 09:27:51.926,C45BBE37B346,-63,55
2022-11-18 09:27:51.127,C45BBE39F56A,-54,55
2022-11-18 09:27:51.030,C45BBE386952,-78,55
2022-11-18 09:27:41.154,C45BBE386952,-70,55
2022-11-18 09:27:41.025,C45BBE39F56A,-54,55
2022-11-18 09:27:40.296,C45BBE37B346,-65,55
2022-11-18 09:27:31.575,C45BBE386952,-71,55
2022-11-18 09:27:31.382,C45BBE39F56A,-56,55
2022-11-18 09:27:30.829,C45BBE37B346,-64,55
2022-11-18 09:27:21.923,C45BBE386952,-76,55
2022-11-18 09:27:21.637,C45BBE39F56A,-58,55
2022-11-18 09:27:21.168,C45BBE37B346,-74,55
2022-11-18 09:27:11.795,C45BBE39F56A,-74,55
2022-11-18 09:27:11.547,C45BBE37B346,-68,55
2022-11-18 09:27:01.964,C45BBE37B346,-73,55
2022-11-18 09:26:59.879,C45BBE39F56A,-72,55
2022-11-18 09:26:52.744,C45BBE386952,-77,55
2022-11-18 09:26:52.079,C45BBE39F56A,-74,55
2022-11-18 09:26:50.868,C45BBE386952,-75,55
2022-11-18 09:26:50.523,C45BBE37B346,-66,55
2022-11-18 09:26:40.896,C45BBE37B346,-64,55
2022-11-18 09:26:40.417,C45BBE39F56A,-74,55
2022-11-18 09:26:37.334,C45BBE386952,-77,55
2022-11-18 09:26:31.331,C45BBE37B346,-61,55
2022-11-18 09:26:30.600,C45BBE39F56A,-78,55
2022-11-18 09:26:29.616,C45BBE386952,-80,55
2022-11-18 09:26:21.863,C45BBE386952,-75,55
2022-11-18 09:26:21.863,C45BBE37B346,-62,55
2022-11-18 09:26:12.909,C45BBE39F56A,-78,55
2022-11-18 09:26:12.478,C45BBE386952,-79,55
2022-11-18 09:26:10.092,C45BBE37B346,-74,55
2022-11-18 09:26:09.588,C45BBE39F56A,-80,55
2022-11-18 09:26:01.794,C45BBE37B346,-73,55
2022-11-18 09:30:51.238,C45BBE39F56A,-71,56
2022-11-18 09:30:50.456,C45BBE37B346,-72,56
2022-11-18 09:30:44.878,C45BBE386952,-79,56
2022-11-18 09:30:41.531,C45BBE39F56A,-69,56
2022-11-18 09:30:40.773,C45BBE37B346,-73,56
2022-11-18 09:30:37.207,C45BBE386952,-77,56
2022-11-18 09:30:31.670,C45BBE39F56A,-66,56
2022-11-18 09:30:31.264,C45BBE37B346,-74,56
2022-11-18 09:30:29.503,C45BBE386952,-76,56
2022-11-18 09:30:21.782,C45BBE39F56A,-60,56
2022-11-18 09:30:21.782,C45BBE386952,-74,56
2022-11-18 09:30:21.575,C45BBE37B346,-68,56
2022-11-18 09:30:12.143,C45BBE386952,-74,56
2022-11-18 09:30:12.097,C45BBE39F56A,-78,56
2022-11-18 09:30:12.029,C45BBE37B346,-65,56
2022-11-18 09:30:00.539,C45BBE37B346,-71,56
2022-11-18 09:30:00.340,C45BBE39F56A,-68,56
2022-11-18 09:29:58.651,C45BBE386952,-76,56
2022-11-18 09:29:50.887,C45BBE37B346,-72,56
2022-11-18 09:29:50.704,C45BBE39F56A,-67,56
2022-11-18 09:29:46.997,C45BBE386952,-78,56
2022-11-18 09:29:41.367,C45BBE37B346,-69,56
2022-11-18 09:29:41.206,C45BBE386952,-77,56
2022-11-18 09:29:40.875,C45BBE39F56A,-68,56
2022-11-18 09:29:31.739,C45BBE37B346,-70,56
2022-11-18 09:29:31.539,C45BBE386952,-76,56
2022-11-18 09:29:31.055,C45BBE39F56A,-64,56
2022-11-18 09:29:22.153,C45BBE37B346,-63,56
2022-11-18 09:29:21.939,C45BBE386952,-72,56
2022-11-18 09:29:21.240,C45BBE39F56A,-63,56
2022-11-18 09:29:11.570,C45BBE39F56A,-56,56
2022-11-18 09:29:10.734,C45BBE37B346,-61,56
2022-11-18 09:29:10.446,C45BBE386952,-72,56
2022-11-18 09:29:01.798,C45BBE39F56A,-51,56
2022-11-18 09:29:01.101,C45BBE37B346,-62,56
2022-11-18 09:33:51.860,C45BBE39F56A,-73,57
2022-11-18 09:33:51.427,C45BBE37B346,-80,57
2022-11-18 09:33:47.255,C45BBE386952,-72,57
2022-11-18 09:33:42.117,C45BBE39F56A,-62,57
2022-11-18 09:33:39.971,C45BBE37B346,-80,57
2022-11-18 09:33:37.602,C45BBE386952,-70,57
2022-11-18 09:33:31.770,C45BBE386952,-72,57
2022-11-18 09:33:30.435,C45BBE39F56A,-66,57
2022-11-18 09:33:30.424,C45BBE37B346,-66,57
2022-11-18 09:33:20.834,C45BBE37B346,-68,57
2022-11-18 09:33:20.661,C45BBE39F56A,-66,57
2022-11-18 09:33:20.225,C45BBE386952,-68,57
2022-11-18 09:33:11.321,C45BBE37B346,-67,57
2022-11-18 09:33:10.320,C45BBE386952,-71,57
2022-11-18 09:33:09.672,C45BBE386362,-79,57
2022-11-18 09:33:08.948,C45BBE39F56A,-65,57
2022-11-18 09:33:01.849,C45BBE37B346,-78,57
2022-11-18 09:33:00.969,C45BBE39F56A,-58,57
2022-11-18 09:33:00.758,C45BBE386952,-76,57
2022-11-18 09:32:51.394,C45BBE39F56A,-58,57
2022-11-18 09:32:51.246,C45BBE386952,-71,57
2022-11-18 09:32:50.155,C45BBE37B346,-68,57
2022-11-18 09:32:41.349,C45BBE386952,-72,57
2022-11-18 09:32:41.318,C45BBE39F56A,-58,57
2022-11-18 09:32:32.795,C45BBE37B346,-67,57
2022-11-18 09:32:31.446,C45BBE386952,-74,57
2022-11-18 09:32:31.037,C45BBE39F56A,-57,57
2022-11-18 09:32:26.915,C45BBE37B346,-79,57
2022-11-18 09:32:21.729,C45BBE386952,-74,57
2022-11-18 09:32:21.246,C45BBE39F56A,-55,57
2022-11-18 09:32:19.240,C45BBE37B346,-69,57
2022-11-18 09:32:11.999,C45BBE386952,-73,57
2022-11-18 09:32:11.528,C45BBE39F56A,-55,57
2022-11-18 09:32:09.623,C45BBE37B346,-69,57
2022-11-18 09:32:01.979,C45BBE39F56A,-56,57
2022-11-18 09:32:00.262,C45BBE386952,-77,57
2022-11-18 09:38:51.963,C45BBE39F56A,-77,58
2022-11-18 09:38:51.419,C45BBE37B346,-69,58
2022-11-18 09:38:50.751,C45BBE386952,-68,58
2022-11-18 09:38:41.829,C45BBE37B346,-62,58
2022-11-18 09:38:41.142,C45BBE386952,-65,58
2022-11-18 09:38:40.239,C45BBE39F56A,-63,58
2022-11-18 09:38:31.515,C45BBE386952,-68,58
2022-11-18 09:38:30.429,C45BBE39F56A,-68,58
2022-11-18 09:38:30.374,C45BBE37B346,-62,58
2022-11-18 09:38:21.871,C45BBE386952,-66,58
2022-11-18 09:38:20.763,C45BBE37B346,-63,58
2022-11-18 09:38:20.730,C45BBE39F56A,-63,58
2022-11-18 09:38:12.141,C45BBE386952,-69,58
2022-11-18 09:38:11.202,C45BBE37B346,-73,58
2022-11-18 09:38:10.988,C45BBE39F56A,-75,58
2022-11-18 09:38:01.606,C45BBE37B346,-70,58
2022-11-18 09:38:01.238,C45BBE39F56A,-66,58
2022-11-18 09:38:00.600,C45BBE386952,-62,58
2022-11-18 09:37:52.056,C45BBE37B346,-64,58
2022-11-18 09:37:51.530,C45BBE39F56A,-57,58
2022-11-18 09:37:50.961,C45BBE386952,-72,58
2022-11-18 09:37:41.913,C45BBE39F56A,-61,58
2022-11-18 09:37:41.346,C45BBE386952,-65,58
2022-11-18 09:37:40.654,C45BBE37B346,-67,58
2022-11-18 09:37:32.134,C45BBE39F56A,-63,58
2022-11-18 09:37:31.621,C45BBE386952,-70,58
2022-11-18 09:37:31.076,C45BBE37B346,-63,58
2022-11-18 09:37:21.971,C45BBE386952,-67,58
2022-11-18 09:37:21.292,C45BBE37B346,-62,58
2022-11-18 09:37:20.451,C45BBE39F56A,-59,58
2022-11-18 09:37:11.733,C45BBE37B346,-64,58
2022-11-18 09:37:10.702,C45BBE39F56A,-62,58
2022-11-18 09:37:10.466,C45BBE386952,-73,58
2022-11-18 09:37:02.065,C45BBE37B346,-70,58
2022-11-18 09:37:00.854,C45BBE386952,-68,58
2022-11-18 09:36:59.000,C45BBE39F56A,-77,58
2022-11-18 09:36:51.166,C45BBE386952,-69,58
2022-11-18 09:36:51.155,C45BBE39F56A,-68,58
2022-11-18 09:36:50.545,C45BBE37B346,-67,58
2022-11-18 09:36:41.435,C45BBE386952,-69,58
2022-11-18 09:36:40.885,C45BBE37B346,-72,58
2022-11-18 09:36:39.279,C45BBE39F56A,-66,58
2022-11-18 09:36:31.114,C45BBE39F56A,-63,58
2022-11-18 09:36:30.775,C45BBE37B346,-64,58
2022-11-18 09:36:29.541,C45BBE386952,-72,58
2022-11-18 09:36:21.883,C45BBE386952,-62,58
2022-11-18 09:36:21.419,C45BBE39F56A,-62,58
2022-11-18 09:36:21.257,C45BBE37B346,-65,58
2022-11-18 09:36:11.635,C45BBE37B346,-64,58
2022-11-18 09:36:09.699,C45BBE39F56A,-61,58
2022-11-18 09:36:04.531,C45BBE386952,-65,58
2022-11-18 09:36:01.922,C45BBE37B346,-67,58
2022-11-18 09:36:00.653,C45BBE386952,-70,58
2022-11-18 09:36:00.571,C45BBE39F56A,-64,58
2022-11-18 09:35:50.949,C45BBE386952,-69,58
2022-11-18 09:35:50.395,C45BBE37B346,-71,58
2022-11-18 09:35:48.719,C45BBE39F56A,-72,58
2022-11-18 09:35:40.906,C45BBE37B346,-62,58
2022-11-18 09:35:39.316,C45BBE386952,-67,58
2022-11-18 09:35:38.906,C45BBE39F56A,-78,58
2022-11-18 09:35:31.618,C45BBE386952,-71,58
2022-11-18 09:35:31.137,C45BBE37B346,-66,58
2022-11-18 09:35:30.948,C45BBE39F56A,-76,58
2022-11-18 09:35:21.896,C45BBE386952,-65,58
2022-11-18 09:35:21.571,C45BBE37B346,-62,58
2022-11-18 09:35:21.177,C45BBE39F56A,-69,58
2022-11-18 09:35:11.941,C45BBE37B346,-62,58
2022-11-18 09:35:11.511,C45BBE39F56A,-68,58
2022-11-18 09:35:10.309,C45BBE386952,-67,58
2022-11-18 09:35:00.727,C45BBE386952,-72,58
2022-11-18 09:35:00.513,C45BBE37B346,-67,58
2022-11-18 09:42:54.439,C45BBE39870E,-78,59
2022-11-18 09:42:50.399,C45BBE39870E,-70,59
2022-11-18 09:42:41.965,C45BBE39F4D6,-78,59
2022-11-18 09:42:41.296,A8032A311FAA,-76,59
2022-11-18 09:42:38.669,C45BBE39870E,-73,59
2022-11-18 09:42:30.887,C45BBE39870E,-77,59
2022-11-18 09:42:30.330,C45BBE39F4D6,-75,59
2022-11-18 09:42:25.704,A8032A311FAA,-80,59
2022-11-18 09:42:22.215,C45BBE39F9AE,-78,59
2022-11-18 09:42:21.775,A8032A311FAA,-76,59
2022-11-18 09:42:20.221,C45BBE39F9AE,-65,59
2022-11-18 09:42:12.402,A8032A31204E,-80,59
2022-11-18 09:42:10.508,A8032A31204E,-80,59
2022-11-18 09:42:10.478,C45BBE39F9AE,-80,59
2022-11-18 09:42:01.092,A8032A31204E,-66,59
2022-11-18 09:41:51.297,A8032A31204E,-80,59
2022-11-18 09:41:49.266,C45BBE39F56A,-80,59
2022-11-18 09:41:43.855,C45BBE37B346,-68,59
2022-11-18 09:41:41.460,C45BBE39F56A,-75,59
2022-11-18 09:41:40.761,C45BBE386952,-80,59
2022-11-18 09:41:39.943,C45BBE37B346,-60,59
2022-11-18 09:41:31.730,C45BBE39F56A,-63,59
2022-11-18 09:41:31.094,C45BBE386952,-69,59
2022-11-18 09:41:30.377,C45BBE37B346,-64,59
2022-11-18 09:41:21.874,C45BBE39F56A,-79,59
2022-11-18 09:41:21.353,C45BBE386952,-66,59
2022-11-18 09:41:20.826,C45BBE37B346,-68,59
2022-11-18 09:41:12.034,C45BBE39F56A,-69,59
2022-11-18 09:41:11.676,C45BBE386952,-64,59
2022-11-18 09:41:11.201,C45BBE37B346,-72,59
2022-11-18 09:41:02.082,C45BBE386952,-70,59
2022-11-18 09:41:01.633,C45BBE37B346,-63,59
2022-11-18 09:41:00.446,C45BBE39F56A,-66,59
2022-11-18 09:40:52.087,C45BBE37B346,-76,59
2022-11-18 09:40:50.719,C45BBE39F56A,-67,59
2022-11-18 09:40:50.468,C45BBE386952,-71,59
2022-11-18 09:40:41.062,C45BBE39F56A,-69,59
2022-11-18 09:40:40.821,C45BBE386952,-78,59
2022-11-18 09:40:40.516,C45BBE37B346,-71,59
2022-11-18 09:40:31.395,C45BBE39F56A,-66,59
2022-11-18 09:40:31.170,C45BBE386952,-67,59
2022-11-18 09:40:30.898,C45BBE37B346,-78,59
2022-11-18 09:40:21.649,C45BBE39F56A,-65,59
2022-11-18 09:40:21.282,C45BBE37B346,-74,59
2022-11-18 09:40:19.523,C45BBE386952,-68,59
2022-11-18 09:40:11.888,C45BBE39F56A,-65,59
2022-11-18 09:40:11.807,C45BBE386952,-68,59
2022-11-18 09:40:11.729,C45BBE37B346,-79,59
2022-11-18 09:40:02.155,C45BBE37B346,-77,59
2022-11-18 09:40:02.155,C45BBE386952,-67,59
2022-11-18 09:40:02.057,C45BBE39F56A,-72,59
2022-09-23 14:53:53.348,C45BBE39F56A,-75,60
2022-09-23 14:53:53.259,C45BBE386952,-78,60
2022-09-23 14:53:52.620,C45BBE37B346,-77,60
2022-09-23 14:53:43.678,C45BBE386952,-78,60
2022-09-23 14:53:43.644,C45BBE39F56A,-74,60
2022-09-23 14:53:40.927,C45BBE37B346,-75,60
2022-09-23 14:53:33.865,C45BBE39F56A,-75,60
2022-09-23 14:53:33.134,C45BBE37B346,-76,60
2022-09-23 14:53:32.247,C45BBE386952,-78,60
2022-09-23 14:53:23.394,C45BBE37B346,-75,60
2022-09-23 14:53:22.679,C45BBE386952,-77,60
2022-09-23 14:53:22.217,C45BBE39F56A,-74,60
2022-09-23 14:53:13.603,C45BBE37B346,-74,60
2022-09-23 14:53:13.095,C45BBE386952,-73,60
2022-09-23 14:53:12.524,C45BBE39F56A,-78,60
2022-09-23 14:53:03.869,C45BBE37B346,-77,60
2022-09-23 14:53:03.538,C45BBE386952,-78,60
2022-09-23 14:53:02.770,C45BBE39F56A,-74,60
2022-09-23 14:52:53.060,C45BBE39F56A,-74,60
2022-09-23 14:52:52.199,C45BBE37B346,-78,60
2022-09-23 14:52:52.097,C45BBE386952,-77,60
2022-09-23 14:52:43.296,C45BBE39F56A,-74,60
2022-09-23 14:52:42.529,C45BBE386952,-78,60
2022-09-23 14:52:42.496,C45BBE37B346,-75,60
2022-09-23 14:52:33.590,C45BBE39F56A,-74,60
2022-09-23 14:52:32.993,C45BBE386952,-78,60
2022-09-23 14:52:32.747,C45BBE37B346,-75,60
2022-09-23 14:52:23.873,C45BBE39F56A,-74,60
2022-09-23 14:52:23.473,C45BBE386952,-76,60
2022-09-23 14:52:23.016,C45BBE37B346,-73,60
2022-09-23 14:52:13.289,C45BBE37B346,-78,60
2022-09-23 14:52:12.185,C45BBE39F56A,-60,60
2022-09-23 14:52:12.001,C45BBE386952,-68,60
2022-09-23 14:52:03.546,C45BBE37B346,-71,60
2022-09-23 14:52:02.474,C45BBE39F56A,-76,60
